2000000 , 2
3000000 , 2
4000000 , 2
5000000 , 2
6000000 , 3
7000000 , 3
8000000 , 4
9000000 , 5
10000000 , 7
11000000 , 7
12000000 , 7
13000000 , 8
14000000 , 8
15000000 , 8
16000000 , 9
17000000 , 9
18000000 , 9
19000000 , 9
20000000 , 10
21000000 , 10
22000000 , 10
23000000 , 10
24000000 , 10
25000000 , 10
26000000 , 11
27000000 , 12
28000000 , 13
29000000 , 13
30000000 , 14
31000000 , 14
32000000 , 14
33000000 , 14
34000000 , 14
35000000 , 15
36000000 , 16
37000000 , 16
38000000 , 16
39000000 , 16
40000000 , 16
41000000 , 17
42000000 , 17
43000000 , 18
44000000 , 19
45000000 , 19
46000000 , 19
47000000 , 20
48000000 , 20
49000000 , 21
50000000 , 21
51000000 , 21
52000000 , 22
53000000 , 22
54000000 , 22
55000000 , 23
56000000 , 23
57000000 , 23
58000000 , 23
59000000 , 26
60000000 , 26
61000000 , 26
62000000 , 26
63000000 , 26
64000000 , 26
65000000 , 27
66000000 , 27
67000000 , 27
68000000 , 27
69000000 , 27
70000000 , 27
71000000 , 27
72000000 , 27
73000000 , 27
74000000 , 27
75000000 , 29
76000000 , 29
77000000 , 29
78000000 , 31
79000000 , 31
80000000 , 31
81000000 , 31
82000000 , 34
83000000 , 34
84000000 , 34
85000000 , 34
86000000 , 34
87000000 , 34
88000000 , 34
89000000 , 35
90000000 , 35
91000000 , 35
92000000 , 35
93000000 , 36
94000000 , 37
95000000 , 38
96000000 , 38
97000000 , 39
98000000 , 39
99000000 , 39
100000000 , 40
101000000 , 40
102000000 , 40
103000000 , 40
104000000 , 41
105000000 , 41
106000000 , 42
107000000 , 43
108000000 , 44
109000000 , 44
110000000 , 46
111000000 , 47
112000000 , 47
113000000 , 48
114000000 , 48
115000000 , 48
116000000 , 49
117000000 , 49
118000000 , 49
119000000 , 49
120000000 , 50
121000000 , 50
122000000 , 50
123000000 , 51
124000000 , 53
125000000 , 53
126000000 , 55
127000000 , 55
128000000 , 55
129000000 , 55
130000000 , 56
131000000 , 58
132000000 , 59
133000000 , 61
134000000 , 61
135000000 , 62
136000000 , 63
137000000 , 63
138000000 , 63
139000000 , 63
140000000 , 64
141000000 , 64
142000000 , 64
143000000 , 65
144000000 , 65
145000000 , 66
146000000 , 67
147000000 , 68
148000000 , 68
149000000 , 68
150000000 , 68
151000000 , 68
152000000 , 68
153000000 , 68
154000000 , 68
155000000 , 68
156000000 , 68
157000000 , 68
158000000 , 69
159000000 , 69
160000000 , 70
161000000 , 70
162000000 , 71
163000000 , 74
164000000 , 74
165000000 , 75
166000000 , 75
167000000 , 75
168000000 , 75
169000000 , 77
170000000 , 78
171000000 , 78
172000000 , 79
173000000 , 79
174000000 , 80
175000000 , 81
176000000 , 81
177000000 , 81
178000000 , 81
179000000 , 81
180000000 , 81
181000000 , 81
182000000 , 81
183000000 , 81
184000000 , 81
185000000 , 81
186000000 , 81
187000000 , 81
188000000 , 82
189000000 , 82
190000000 , 82
191000000 , 83
192000000 , 84
193000000 , 84
194000000 , 84
195000000 , 84
196000000 , 84
197000000 , 85
198000000 , 85
199000000 , 85
200000000 , 88
201000000 , 88
202000000 , 90
203000000 , 90
204000000 , 90
205000000 , 91
206000000 , 92
207000000 , 93
208000000 , 93
209000000 , 93
210000000 , 93
211000000 , 94
212000000 , 94
213000000 , 94
214000000 , 95
215000000 , 95
216000000 , 95
217000000 , 95
218000000 , 95
219000000 , 96
220000000 , 96
221000000 , 96
222000000 , 96
223000000 , 96
224000000 , 98
225000000 , 98
226000000 , 99
227000000 , 99
228000000 , 99
229000000 , 100
230000000 , 100
231000000 , 101
232000000 , 101
233000000 , 101
234000000 , 101
235000000 , 101
236000000 , 101
237000000 , 102
238000000 , 102
239000000 , 102
240000000 , 104
241000000 , 104
242000000 , 104
243000000 , 104
244000000 , 105
245000000 , 105
246000000 , 105
247000000 , 106
248000000 , 106
249000000 , 106
250000000 , 107
251000000 , 107
252000000 , 108
253000000 , 109
254000000 , 109
255000000 , 109
256000000 , 109
257000000 , 109
258000000 , 110
259000000 , 111
260000000 , 112
261000000 , 112
262000000 , 112
263000000 , 114
264000000 , 114
265000000 , 115
266000000 , 117
267000000 , 118
268000000 , 118
269000000 , 118
270000000 , 120
271000000 , 120
272000000 , 120
273000000 , 121
274000000 , 121
275000000 , 121
276000000 , 121
277000000 , 121
278000000 , 121
279000000 , 121
280000000 , 121
281000000 , 122
282000000 , 122
283000000 , 123
284000000 , 123
285000000 , 123
286000000 , 124
287000000 , 124
288000000 , 125
289000000 , 125
290000000 , 125
291000000 , 126
292000000 , 127
293000000 , 130
294000000 , 130
295000000 , 130
296000000 , 130
297000000 , 130
298000000 , 130
299000000 , 130
300000000 , 130
301000000 , 130
302000000 , 132
303000000 , 133
304000000 , 134
305000000 , 134
306000000 , 134
307000000 , 135
308000000 , 135
309000000 , 135
310000000 , 135
311000000 , 135
312000000 , 135
313000000 , 135
314000000 , 135
315000000 , 135
316000000 , 135
317000000 , 136
318000000 , 136
319000000 , 136
320000000 , 138
321000000 , 140
322000000 , 141
323000000 , 141
324000000 , 141
325000000 , 142
326000000 , 143
327000000 , 143
328000000 , 144
329000000 , 144
330000000 , 144
331000000 , 144
332000000 , 144
333000000 , 145
334000000 , 145
335000000 , 146
336000000 , 147
337000000 , 148
338000000 , 148
339000000 , 148
340000000 , 148
341000000 , 149
342000000 , 150
343000000 , 150
344000000 , 150
345000000 , 150
346000000 , 150
347000000 , 150
348000000 , 150
349000000 , 150
350000000 , 150
351000000 , 150
352000000 , 150
353000000 , 150
354000000 , 150
355000000 , 150
356000000 , 150
357000000 , 150
358000000 , 151
359000000 , 153
360000000 , 153
361000000 , 153
362000000 , 153
363000000 , 155
364000000 , 155
365000000 , 155
366000000 , 156
367000000 , 156
368000000 , 157
369000000 , 157
370000000 , 157
371000000 , 158
372000000 , 158
373000000 , 160
374000000 , 160
375000000 , 160
376000000 , 160
377000000 , 160
378000000 , 162
379000000 , 162
380000000 , 162
381000000 , 163
382000000 , 165
383000000 , 166
384000000 , 167
385000000 , 167
386000000 , 167
387000000 , 168
388000000 , 168
389000000 , 168
390000000 , 169
391000000 , 169
392000000 , 169
393000000 , 169
394000000 , 170
395000000 , 171
396000000 , 172
397000000 , 172
398000000 , 172
399000000 , 172
400000000 , 172
401000000 , 172
402000000 , 172
403000000 , 174
404000000 , 174
405000000 , 176
406000000 , 176
407000000 , 176
408000000 , 176
409000000 , 177
410000000 , 177
411000000 , 177
412000000 , 177
413000000 , 177
414000000 , 177
415000000 , 177
416000000 , 178
417000000 , 178
418000000 , 178
419000000 , 179
420000000 , 179
421000000 , 179
422000000 , 179
423000000 , 179
424000000 , 180
425000000 , 181
426000000 , 182
427000000 , 183
428000000 , 184
429000000 , 184
430000000 , 186
431000000 , 189
432000000 , 189
433000000 , 190
434000000 , 192
435000000 , 193
436000000 , 193
437000000 , 194
438000000 , 194
439000000 , 196
440000000 , 197
441000000 , 197
442000000 , 197
443000000 , 197
444000000 , 197
445000000 , 197
446000000 , 197
447000000 , 199
448000000 , 199
449000000 , 199
450000000 , 200
451000000 , 200
452000000 , 200
453000000 , 200
454000000 , 202
455000000 , 203
456000000 , 203
457000000 , 203
458000000 , 203
459000000 , 205
460000000 , 205
461000000 , 207
462000000 , 208
463000000 , 208
464000000 , 209
465000000 , 209
466000000 , 209
467000000 , 209
468000000 , 209
469000000 , 210
470000000 , 210
471000000 , 211
472000000 , 211
473000000 , 211
474000000 , 211
475000000 , 211
476000000 , 212
477000000 , 212
478000000 , 212
479000000 , 212
480000000 , 213
481000000 , 214
482000000 , 215
483000000 , 215
484000000 , 216
485000000 , 216
486000000 , 216
487000000 , 216
488000000 , 217
489000000 , 219
490000000 , 223
491000000 , 223
492000000 , 223
493000000 , 223
494000000 , 223
495000000 , 225
496000000 , 227
497000000 , 227
498000000 , 227
499000000 , 228
500000000 , 228
501000000 , 229
502000000 , 229
503000000 , 230
504000000 , 231
505000000 , 233
506000000 , 235
507000000 , 235
508000000 , 237
509000000 , 239
510000000 , 239
511000000 , 239
512000000 , 239
513000000 , 239
514000000 , 240
515000000 , 241
516000000 , 241
517000000 , 242
518000000 , 243
519000000 , 243
520000000 , 243
521000000 , 244
522000000 , 245
523000000 , 245
524000000 , 245
525000000 , 245
526000000 , 245
527000000 , 245
528000000 , 245
529000000 , 246
530000000 , 247
531000000 , 248
532000000 , 248
533000000 , 248
534000000 , 248
535000000 , 249
536000000 , 250
537000000 , 250
538000000 , 251
539000000 , 254
540000000 , 254
541000000 , 254
542000000 , 254
543000000 , 254
544000000 , 255
545000000 , 255
546000000 , 256
547000000 , 258
548000000 , 258
549000000 , 263
550000000 , 263
551000000 , 264
552000000 , 265
553000000 , 265
554000000 , 265
555000000 , 265
556000000 , 265
557000000 , 265
558000000 , 266
559000000 , 266
560000000 , 266
561000000 , 266
562000000 , 267
563000000 , 267
564000000 , 267
565000000 , 267
566000000 , 268
567000000 , 270
568000000 , 271
569000000 , 272
570000000 , 273
571000000 , 273
572000000 , 273
573000000 , 274
574000000 , 275
575000000 , 276
576000000 , 277
577000000 , 278
578000000 , 279
579000000 , 279
580000000 , 279
581000000 , 279
582000000 , 279
583000000 , 279
584000000 , 279
585000000 , 279
586000000 , 279
587000000 , 280
588000000 , 281
589000000 , 282
590000000 , 283
591000000 , 283
592000000 , 284
593000000 , 284
594000000 , 284
595000000 , 284
596000000 , 284
597000000 , 284
598000000 , 284
599000000 , 285
600000000 , 286
601000000 , 286
602000000 , 286
603000000 , 288
604000000 , 290
605000000 , 291
606000000 , 292
607000000 , 292
608000000 , 292
609000000 , 292
610000000 , 293
611000000 , 293
612000000 , 294
613000000 , 294
614000000 , 294
615000000 , 294
616000000 , 294
617000000 , 294
618000000 , 295
619000000 , 295
620000000 , 295
621000000 , 297
622000000 , 297
623000000 , 298
624000000 , 298
625000000 , 300
626000000 , 302
627000000 , 302
628000000 , 302
629000000 , 302
630000000 , 302
631000000 , 302
632000000 , 302
633000000 , 302
634000000 , 303
635000000 , 304
636000000 , 304
637000000 , 304
638000000 , 304
639000000 , 304
640000000 , 305
641000000 , 305
642000000 , 307
643000000 , 307
644000000 , 307
645000000 , 307
646000000 , 308
647000000 , 308
648000000 , 308
649000000 , 310
650000000 , 310
651000000 , 310
652000000 , 310
653000000 , 310
654000000 , 311
655000000 , 311
656000000 , 311
657000000 , 311
658000000 , 312
659000000 , 312
660000000 , 314
661000000 , 314
662000000 , 314
663000000 , 314
664000000 , 314
665000000 , 314
666000000 , 314
667000000 , 315
668000000 , 315
669000000 , 315
670000000 , 315
671000000 , 315
672000000 , 315
673000000 , 316
674000000 , 316
675000000 , 317
676000000 , 317
677000000 , 318
678000000 , 318
679000000 , 318
680000000 , 318
681000000 , 318
682000000 , 320
683000000 , 321
684000000 , 321
685000000 , 321
686000000 , 321
687000000 , 321
688000000 , 322
689000000 , 322
690000000 , 322
691000000 , 324
692000000 , 326
693000000 , 326
694000000 , 327
695000000 , 328
696000000 , 328
697000000 , 328
698000000 , 328
699000000 , 328
700000000 , 329
701000000 , 330
702000000 , 330
703000000 , 330
704000000 , 332
705000000 , 334
706000000 , 334
707000000 , 336
708000000 , 336
709000000 , 336
710000000 , 336
711000000 , 337
712000000 , 338
713000000 , 339
714000000 , 339
715000000 , 339
716000000 , 339
717000000 , 339
718000000 , 339
719000000 , 340
720000000 , 340
721000000 , 340
722000000 , 341
723000000 , 341
724000000 , 342
725000000 , 342
726000000 , 343
727000000 , 343
728000000 , 343
729000000 , 343
730000000 , 343
731000000 , 343
732000000 , 344
733000000 , 345
734000000 , 345
735000000 , 345
736000000 , 345
737000000 , 345
738000000 , 345
739000000 , 345
740000000 , 346
741000000 , 346
742000000 , 347
743000000 , 347
744000000 , 347
745000000 , 347
746000000 , 353
747000000 , 353
748000000 , 353
749000000 , 353
750000000 , 353
751000000 , 353
752000000 , 354
753000000 , 354
754000000 , 354
755000000 , 354
756000000 , 354
757000000 , 354
758000000 , 356
759000000 , 357
760000000 , 357
761000000 , 359
762000000 , 360
763000000 , 360
764000000 , 360
765000000 , 362
766000000 , 363
767000000 , 363
768000000 , 363
769000000 , 365
770000000 , 365
771000000 , 365
772000000 , 365
773000000 , 365
774000000 , 365
775000000 , 365
776000000 , 365
777000000 , 365
778000000 , 366
779000000 , 366
780000000 , 366
781000000 , 366
782000000 , 367
783000000 , 367
784000000 , 369
785000000 , 369
786000000 , 369
787000000 , 369
788000000 , 369
789000000 , 370
790000000 , 370
791000000 , 371
792000000 , 371
793000000 , 371
794000000 , 372
795000000 , 373
796000000 , 374
797000000 , 374
798000000 , 374
799000000 , 374
800000000 , 375
801000000 , 376
802000000 , 376
803000000 , 377
804000000 , 377
805000000 , 377
806000000 , 378
807000000 , 378
808000000 , 378
809000000 , 378
810000000 , 378
811000000 , 378
812000000 , 378
813000000 , 379
814000000 , 379
815000000 , 380
816000000 , 381
817000000 , 381
818000000 , 381
819000000 , 382
820000000 , 382
821000000 , 382
822000000 , 382
823000000 , 383
824000000 , 383
825000000 , 384
826000000 , 385
827000000 , 387
828000000 , 388
829000000 , 389
830000000 , 389
831000000 , 389
832000000 , 389
833000000 , 391
834000000 , 391
835000000 , 392
836000000 , 393
837000000 , 393
838000000 , 393
839000000 , 393
840000000 , 393
841000000 , 393
842000000 , 393
843000000 , 393
844000000 , 393
845000000 , 393
846000000 , 394
847000000 , 394
848000000 , 394
849000000 , 395
850000000 , 395
851000000 , 396
852000000 , 396
853000000 , 396
854000000 , 396
855000000 , 397
856000000 , 397
857000000 , 397
858000000 , 398
859000000 , 399
860000000 , 399
861000000 , 400
862000000 , 400
863000000 , 400
864000000 , 401
865000000 , 401
866000000 , 401
867000000 , 401
868000000 , 401
869000000 , 401
870000000 , 401
871000000 , 401
872000000 , 404
873000000 , 405
874000000 , 405
875000000 , 405
876000000 , 405
877000000 , 406
878000000 , 407
879000000 , 407
880000000 , 408
881000000 , 412
882000000 , 412
883000000 , 412
884000000 , 412
885000000 , 412
886000000 , 412
887000000 , 413
888000000 , 413
889000000 , 413
890000000 , 413
891000000 , 413
892000000 , 413
893000000 , 413
894000000 , 415
895000000 , 416
896000000 , 417
897000000 , 417
898000000 , 417
899000000 , 419
900000000 , 419
901000000 , 421
902000000 , 423
903000000 , 423
904000000 , 423
905000000 , 424
906000000 , 425
907000000 , 425
908000000 , 426
909000000 , 427
910000000 , 427
911000000 , 427
912000000 , 427
913000000 , 427
914000000 , 429
915000000 , 429
916000000 , 429
917000000 , 430
918000000 , 430
919000000 , 430
920000000 , 431
921000000 , 431
922000000 , 431
923000000 , 434
924000000 , 436
925000000 , 437
926000000 , 437
927000000 , 438
928000000 , 438
929000000 , 439
930000000 , 439
931000000 , 440
932000000 , 440
933000000 , 440
934000000 , 440
935000000 , 441
936000000 , 442
937000000 , 442
938000000 , 443
939000000 , 443
940000000 , 443
941000000 , 444
942000000 , 444
943000000 , 444
944000000 , 444
945000000 , 444
946000000 , 444
947000000 , 445
948000000 , 446
949000000 , 447
950000000 , 448
951000000 , 449
952000000 , 450
953000000 , 450
954000000 , 452
955000000 , 452
956000000 , 452
957000000 , 454
958000000 , 454
959000000 , 456
960000000 , 456
961000000 , 457
962000000 , 458
963000000 , 458
964000000 , 459
965000000 , 459
966000000 , 459
967000000 , 459
968000000 , 460
969000000 , 463
970000000 , 464
971000000 , 464
972000000 , 464
973000000 , 464
974000000 , 464
975000000 , 464
976000000 , 465
977000000 , 466
978000000 , 467
979000000 , 467
980000000 , 467
981000000 , 468
982000000 , 468
983000000 , 468
984000000 , 468
985000000 , 468
986000000 , 469
987000000 , 469
988000000 , 469
989000000 , 469
990000000 , 471
991000000 , 472
992000000 , 472
993000000 , 472
994000000 , 472
995000000 , 472
996000000 , 472
997000000 , 472
998000000 , 474
999000000 , 474
1000000000 , 475
1001000000 , 476
1002000000 , 477
1003000000 , 477
1004000000 , 478
1005000000 , 478
1006000000 , 478
1007000000 , 478
1008000000 , 478
1009000000 , 478
1010000000 , 478
1011000000 , 478
1012000000 , 478
1013000000 , 478
1014000000 , 478
1015000000 , 479
1016000000 , 479
1017000000 , 480
1018000000 , 481
1019000000 , 481
1020000000 , 481
1021000000 , 481
1022000000 , 482
1023000000 , 482
1024000000 , 482
1025000000 , 485
1026000000 , 485
1027000000 , 485
1028000000 , 485
1029000000 , 485
1030000000 , 485
1031000000 , 486
1032000000 , 486
1033000000 , 487
1034000000 , 487
1035000000 , 489
1036000000 , 490
1037000000 , 492
1038000000 , 492
1039000000 , 492
1040000000 , 492
1041000000 , 492
1042000000 , 492
1043000000 , 492
1044000000 , 493
1045000000 , 494
1046000000 , 494
1047000000 , 495
1048000000 , 496
1049000000 , 496
1050000000 , 497
1051000000 , 497
1052000000 , 498
1053000000 , 498
1054000000 , 498
1055000000 , 498
1056000000 , 499
1057000000 , 500
1058000000 , 500
1059000000 , 500
1060000000 , 501
1061000000 , 502
1062000000 , 502
1063000000 , 503
1064000000 , 504
1065000000 , 504
1066000000 , 504
1067000000 , 504
1068000000 , 506
1069000000 , 507
1070000000 , 507
1071000000 , 508
1072000000 , 508
1073000000 , 508
1074000000 , 509
1075000000 , 510
1076000000 , 511
1077000000 , 511
1078000000 , 512
1079000000 , 512
1080000000 , 513
1081000000 , 514
1082000000 , 514
1083000000 , 515
1084000000 , 515
1085000000 , 515
1086000000 , 516
1087000000 , 517
1088000000 , 517
1089000000 , 519
1090000000 , 523
1091000000 , 524
1092000000 , 524
1093000000 , 524
1094000000 , 524
1095000000 , 525
1096000000 , 527
1097000000 , 528
1098000000 , 528
1099000000 , 528
1100000000 , 528
1101000000 , 528
1102000000 , 528
1103000000 , 528
1104000000 , 528
1105000000 , 528
1106000000 , 528
1107000000 , 529
1108000000 , 530
1109000000 , 530
1110000000 , 530
1111000000 , 530
1112000000 , 531
1113000000 , 531
1114000000 , 532
1115000000 , 532
1116000000 , 533
1117000000 , 534
1118000000 , 535
1119000000 , 535
1120000000 , 535
1121000000 , 536
1122000000 , 537
1123000000 , 537
1124000000 , 539
1125000000 , 539
1126000000 , 539
1127000000 , 539
1128000000 , 539
1129000000 , 539
1130000000 , 539
1131000000 , 539
1132000000 , 540
1133000000 , 540
1134000000 , 540
1135000000 , 540
1136000000 , 540
1137000000 , 540
1138000000 , 540
1139000000 , 540
1140000000 , 540
1141000000 , 541
1142000000 , 541
1143000000 , 543
1144000000 , 543
1145000000 , 543
1146000000 , 545
1147000000 , 545
1148000000 , 545
1149000000 , 545
1150000000 , 545
1151000000 , 545
1152000000 , 545
1153000000 , 545
1154000000 , 545
1155000000 , 545
1156000000 , 546
1157000000 , 546
1158000000 , 546
1159000000 , 546
1160000000 , 546
1161000000 , 547
1162000000 , 547
1163000000 , 547
1164000000 , 547
1165000000 , 547
1166000000 , 548
1167000000 , 549
1168000000 , 549
1169000000 , 549
1170000000 , 549
1171000000 , 549
1172000000 , 549
1173000000 , 550
1174000000 , 551
1175000000 , 551
1176000000 , 551
1177000000 , 551
1178000000 , 551
1179000000 , 551
1180000000 , 552
1181000000 , 552
1182000000 , 552
1183000000 , 552
1184000000 , 554
1185000000 , 554
1186000000 , 554
1187000000 , 554
1188000000 , 554
1189000000 , 554
1190000000 , 554
1191000000 , 554
1192000000 , 554
1193000000 , 556
1194000000 , 557
1195000000 , 558
1196000000 , 559
1197000000 , 560
1198000000 , 560
1199000000 , 560
1200000000 , 560
1201000000 , 560
1202000000 , 560
1203000000 , 560
1204000000 , 561
1205000000 , 562
1206000000 , 563
1207000000 , 563
1208000000 , 563
1209000000 , 564
1210000000 , 564
1211000000 , 564
1212000000 , 566
1213000000 , 566
1214000000 , 567
1215000000 , 567
1216000000 , 568
1217000000 , 568
1218000000 , 568
1219000000 , 569
1220000000 , 569
1221000000 , 570
1222000000 , 571
1223000000 , 571
1224000000 , 571
1225000000 , 571
1226000000 , 571
1227000000 , 571
1228000000 , 571
1229000000 , 571
1230000000 , 571
1231000000 , 572
1232000000 , 572
1233000000 , 572
1234000000 , 572
1235000000 , 573
1236000000 , 574
1237000000 , 575
1238000000 , 576
1239000000 , 576
1240000000 , 576
1241000000 , 578
1242000000 , 578
1243000000 , 578
1244000000 , 578
1245000000 , 579
1246000000 , 579
1247000000 , 579
1248000000 , 579
1249000000 , 580
1250000000 , 582
1251000000 , 582
1252000000 , 583
1253000000 , 584
1254000000 , 585
1255000000 , 585
1256000000 , 586
1257000000 , 586
1258000000 , 586
1259000000 , 586
1260000000 , 587
1261000000 , 587
1262000000 , 587
1263000000 , 588
1264000000 , 588
1265000000 , 588
1266000000 , 588
1267000000 , 589
1268000000 , 589
1269000000 , 589
1270000000 , 589
1271000000 , 590
1272000000 , 592
1273000000 , 593
1274000000 , 593
1275000000 , 594
1276000000 , 594
1277000000 , 596
1278000000 , 597
1279000000 , 597
1280000000 , 597
1281000000 , 597
1282000000 , 597
1283000000 , 598
1284000000 , 598
1285000000 , 598
1286000000 , 599
1287000000 , 599
1288000000 , 599
1289000000 , 600
1290000000 , 601
1291000000 , 602
1292000000 , 602
1293000000 , 602
1294000000 , 603
1295000000 , 605
1296000000 , 605
1297000000 , 607
1298000000 , 609
1299000000 , 609
1300000000 , 609
1301000000 , 609
1302000000 , 611
1303000000 , 611
1304000000 , 611
1305000000 , 613
1306000000 , 613
1307000000 , 614
1308000000 , 614
1309000000 , 614
1310000000 , 614
1311000000 , 614
1312000000 , 615
1313000000 , 615
1314000000 , 615
1315000000 , 615
1316000000 , 615
1317000000 , 615
1318000000 , 615
1319000000 , 615
1320000000 , 615
1321000000 , 615
1322000000 , 616
1323000000 , 617
1324000000 , 617
1325000000 , 617
1326000000 , 617
1327000000 , 617
1328000000 , 617
1329000000 , 617
1330000000 , 617
1331000000 , 617
1332000000 , 618
1333000000 , 619
1334000000 , 620
1335000000 , 621
1336000000 , 621
1337000000 , 621
1338000000 , 621
1339000000 , 622
1340000000 , 622
1341000000 , 622
1342000000 , 624
1343000000 , 624
1344000000 , 624
1345000000 , 624
1346000000 , 625
1347000000 , 626
1348000000 , 626
1349000000 , 626
1350000000 , 626
1351000000 , 627
1352000000 , 627
1353000000 , 629
1354000000 , 629
1355000000 , 630
1356000000 , 630
1357000000 , 631
1358000000 , 631
1359000000 , 631
1360000000 , 632
1361000000 , 632
1362000000 , 632
1363000000 , 634
1364000000 , 634
1365000000 , 634
1366000000 , 635
1367000000 , 635
1368000000 , 637
1369000000 , 637
1370000000 , 637
1371000000 , 637
1372000000 , 637
1373000000 , 637
1374000000 , 637
1375000000 , 637
1376000000 , 638
1377000000 , 639
1378000000 , 639
1379000000 , 639
1380000000 , 639
1381000000 , 641
1382000000 , 641
1383000000 , 641
1384000000 , 642
1385000000 , 642
1386000000 , 642
1387000000 , 642
1388000000 , 643
1389000000 , 643
1390000000 , 643
1391000000 , 643
1392000000 , 643
1393000000 , 643
1394000000 , 643
1395000000 , 643
1396000000 , 644
1397000000 , 646
1398000000 , 646
1399000000 , 646
1400000000 , 646
1401000000 , 646
1402000000 , 646
1403000000 , 647
1404000000 , 647
1405000000 , 647
1406000000 , 647
1407000000 , 647
1408000000 , 647
1409000000 , 647
1410000000 , 648
1411000000 , 648
1412000000 , 649
1413000000 , 649
1414000000 , 649
1415000000 , 650
1416000000 , 650
1417000000 , 650
1418000000 , 650
1419000000 , 650
1420000000 , 651
1421000000 , 652
1422000000 , 652
1423000000 , 652
1424000000 , 652
1425000000 , 652
1426000000 , 652
1427000000 , 653
1428000000 , 654
1429000000 , 655
1430000000 , 656
1431000000 , 656
1432000000 , 657
1433000000 , 658
1434000000 , 660
1435000000 , 660
1436000000 , 662
1437000000 , 663
1438000000 , 663
1439000000 , 663
1440000000 , 664
1441000000 , 665
1442000000 , 665
1443000000 , 665
1444000000 , 665
1445000000 , 665
1446000000 , 665
1447000000 , 665
1448000000 , 665
1449000000 , 665
1450000000 , 666
1451000000 , 667
1452000000 , 667
1453000000 , 667
1454000000 , 667
1455000000 , 667
1456000000 , 668
1457000000 , 669
1458000000 , 669
1459000000 , 669
1460000000 , 670
1461000000 , 671
1462000000 , 671
1463000000 , 671
1464000000 , 671
1465000000 , 671
1466000000 , 671
1467000000 , 671
1468000000 , 672
1469000000 , 673
1470000000 , 674
1471000000 , 674
1472000000 , 674
1473000000 , 674
1474000000 , 674
1475000000 , 675
1476000000 , 675
1477000000 , 675
1478000000 , 676
1479000000 , 677
1480000000 , 678
1481000000 , 679
1482000000 , 680
1483000000 , 680
1484000000 , 680
1485000000 , 680
1486000000 , 680
1487000000 , 681
1488000000 , 682
1489000000 , 684
1490000000 , 687
1491000000 , 688
1492000000 , 688
1493000000 , 689
1494000000 , 690
1495000000 , 692
1496000000 , 694
1497000000 , 694
1498000000 , 694
1499000000 , 695
1500000000 , 696
1501000000 , 697
1502000000 , 698
1503000000 , 698
1504000000 , 698
1505000000 , 698
1506000000 , 698
1507000000 , 698
1508000000 , 698
1509000000 , 698
1510000000 , 699
1511000000 , 700
1512000000 , 701
1513000000 , 701
1514000000 , 701
1515000000 , 702
1516000000 , 702
1517000000 , 702
1518000000 , 702
1519000000 , 703
1520000000 , 703
1521000000 , 703
1522000000 , 704
1523000000 , 704
1524000000 , 705
1525000000 , 708
1526000000 , 710
1527000000 , 710
1528000000 , 710
1529000000 , 710
1530000000 , 710
1531000000 , 710
1532000000 , 710
1533000000 , 710
1534000000 , 711
1535000000 , 712
1536000000 , 712
1537000000 , 712
1538000000 , 713
1539000000 , 715
1540000000 , 715
1541000000 , 717
1542000000 , 717
1543000000 , 717
1544000000 , 717
1545000000 , 717
1546000000 , 717
1547000000 , 718
1548000000 , 719
1549000000 , 721
1550000000 , 721
1551000000 , 721
1552000000 , 721
1553000000 , 721
1554000000 , 721
1555000000 , 722
1556000000 , 723
1557000000 , 725
1558000000 , 725
1559000000 , 725
1560000000 , 725
1561000000 , 725
1562000000 , 726
1563000000 , 726
1564000000 , 726
1565000000 , 728
1566000000 , 728
1567000000 , 728
1568000000 , 730
1569000000 , 730
1570000000 , 731
1571000000 , 733
1572000000 , 734
1573000000 , 735
1574000000 , 737
1575000000 , 738
1576000000 , 738
1577000000 , 738
1578000000 , 739
1579000000 , 739
1580000000 , 739
1581000000 , 739
1582000000 , 739
1583000000 , 739
1584000000 , 739
1585000000 , 739
1586000000 , 740
1587000000 , 741
1588000000 , 741
1589000000 , 741
1590000000 , 741
1591000000 , 741
1592000000 , 741
1593000000 , 742
1594000000 , 742
1595000000 , 743
1596000000 , 744
1597000000 , 744
1598000000 , 744
1599000000 , 744
1600000000 , 744
1601000000 , 744
1602000000 , 744
1603000000 , 744
1604000000 , 745
1605000000 , 746
1606000000 , 747
1607000000 , 748
1608000000 , 749
1609000000 , 749
1610000000 , 752
1611000000 , 753
1612000000 , 754
1613000000 , 755
1614000000 , 756
1615000000 , 756
1616000000 , 756
1617000000 , 756
1618000000 , 756
1619000000 , 758
1620000000 , 759
1621000000 , 759
1622000000 , 759
1623000000 , 759
1624000000 , 759
1625000000 , 759
1626000000 , 759
1627000000 , 759
1628000000 , 759
1629000000 , 759
1630000000 , 760
1631000000 , 761
1632000000 , 763
1633000000 , 763
1634000000 , 764
1635000000 , 765
1636000000 , 765
1637000000 , 765
1638000000 , 765
1639000000 , 766
1640000000 , 767
1641000000 , 769
1642000000 , 769
1643000000 , 769
1644000000 , 771
1645000000 , 772
1646000000 , 774
1647000000 , 775
1648000000 , 775
1649000000 , 775
1650000000 , 776
1651000000 , 779
1652000000 , 780
1653000000 , 780
1654000000 , 780
1655000000 , 780
1656000000 , 780
1657000000 , 781
1658000000 , 783
1659000000 , 783
1660000000 , 783
1661000000 , 783
1662000000 , 783
1663000000 , 785
1664000000 , 786
1665000000 , 786
1666000000 , 786
1667000000 , 786
1668000000 , 786
1669000000 , 786
1670000000 , 787
1671000000 , 788
1672000000 , 788
1673000000 , 788
1674000000 , 790
1675000000 , 790
1676000000 , 791
1677000000 , 791
1678000000 , 792
1679000000 , 793
1680000000 , 793
1681000000 , 793
1682000000 , 793
1683000000 , 794
1684000000 , 794
1685000000 , 794
1686000000 , 795
1687000000 , 795
1688000000 , 796
1689000000 , 799
1690000000 , 799
1691000000 , 799
1692000000 , 799
1693000000 , 799
1694000000 , 799
1695000000 , 799
1696000000 , 799
1697000000 , 800
1698000000 , 801
1699000000 , 801
1700000000 , 801
1701000000 , 801
1702000000 , 801
1703000000 , 803
1704000000 , 805
1705000000 , 805
1706000000 , 805
1707000000 , 805
1708000000 , 805
1709000000 , 805
1710000000 , 805
1711000000 , 805
1712000000 , 806
1713000000 , 806
1714000000 , 806
1715000000 , 806
1716000000 , 806
1717000000 , 806
1718000000 , 806
1719000000 , 806
1720000000 , 806
1721000000 , 806
1722000000 , 807
1723000000 , 809
1724000000 , 809
1725000000 , 810
1726000000 , 810
1727000000 , 810
1728000000 , 810
1729000000 , 810
1730000000 , 811
1731000000 , 812
1732000000 , 812
1733000000 , 812
1734000000 , 813
1735000000 , 813
1736000000 , 813
1737000000 , 814
1738000000 , 814
1739000000 , 814
1740000000 , 814
1741000000 , 816
1742000000 , 817
1743000000 , 817
1744000000 , 817
1745000000 , 818
1746000000 , 818
1747000000 , 818
1748000000 , 818
1749000000 , 818
1750000000 , 818
1751000000 , 819
1752000000 , 820
1753000000 , 822
1754000000 , 822
1755000000 , 822
1756000000 , 822
1757000000 , 822
1758000000 , 822
1759000000 , 822
1760000000 , 822
1761000000 , 822
1762000000 , 822
1763000000 , 823
1764000000 , 824
1765000000 , 824
1766000000 , 825
1767000000 , 826
1768000000 , 826
1769000000 , 827
1770000000 , 828
1771000000 , 829
1772000000 , 830
1773000000 , 831
1774000000 , 832
1775000000 , 832
1776000000 , 832
1777000000 , 832
1778000000 , 832
1779000000 , 832
1780000000 , 832
1781000000 , 833
1782000000 , 833
1783000000 , 834
1784000000 , 836
1785000000 , 836
1786000000 , 837
1787000000 , 837
1788000000 , 837
1789000000 , 837
1790000000 , 837
1791000000 , 838
1792000000 , 838
1793000000 , 838
1794000000 , 838
1795000000 , 838
1796000000 , 838
1797000000 , 839
1798000000 , 839
1799000000 , 840
1800000000 , 840
1801000000 , 840
1802000000 , 840
1803000000 , 842
1804000000 , 842
1805000000 , 844
1806000000 , 844
1807000000 , 844
1808000000 , 844
1809000000 , 844
1810000000 , 844
1811000000 , 844
1812000000 , 845
1813000000 , 845
1814000000 , 845
1815000000 , 845
1816000000 , 845
1817000000 , 845
1818000000 , 846
1819000000 , 847
1820000000 , 847
1821000000 , 848
1822000000 , 849
1823000000 , 849
1824000000 , 849
1825000000 , 850
1826000000 , 850
1827000000 , 851
1828000000 , 851
1829000000 , 851
1830000000 , 851
1831000000 , 852
1832000000 , 852
1833000000 , 852
1834000000 , 852
1835000000 , 852
1836000000 , 853
1837000000 , 854
1838000000 , 854
1839000000 , 855
1840000000 , 855
1841000000 , 855
1842000000 , 856
1843000000 , 858
1844000000 , 859
1845000000 , 861
1846000000 , 862
1847000000 , 862
1848000000 , 863
1849000000 , 863
1850000000 , 863
1851000000 , 863
1852000000 , 863
1853000000 , 863
1854000000 , 863
1855000000 , 864
1856000000 , 864
1857000000 , 865
1858000000 , 865
1859000000 , 865
1860000000 , 865
1861000000 , 866
1862000000 , 866
1863000000 , 867
1864000000 , 869
1865000000 , 869
1866000000 , 869
1867000000 , 869
1868000000 , 869
1869000000 , 869
1870000000 , 870
1871000000 , 870
1872000000 , 871
1873000000 , 871
1874000000 , 871
1875000000 , 872
1876000000 , 873
1877000000 , 873
1878000000 , 873
1879000000 , 873
1880000000 , 874
1881000000 , 875
1882000000 , 875
1883000000 , 875
1884000000 , 875
1885000000 , 875
1886000000 , 875
1887000000 , 876
1888000000 , 876
1889000000 , 876
1890000000 , 877
1891000000 , 878
1892000000 , 878
1893000000 , 878
1894000000 , 878
1895000000 , 878
1896000000 , 878
1897000000 , 880
1898000000 , 880
1899000000 , 880
1900000000 , 881
1901000000 , 881
1902000000 , 882
1903000000 , 883
1904000000 , 883
1905000000 , 883
1906000000 , 883
1907000000 , 884
1908000000 , 884
1909000000 , 885
1910000000 , 886
1911000000 , 886
1912000000 , 887
1913000000 , 887
1914000000 , 887
1915000000 , 887
1916000000 , 888
1917000000 , 888
1918000000 , 888
1919000000 , 888
1920000000 , 888
1921000000 , 888
1922000000 , 888
1923000000 , 889
1924000000 , 889
1925000000 , 891
1926000000 , 892
1927000000 , 892
1928000000 , 892
1929000000 , 892
1930000000 , 893
1931000000 , 894
1932000000 , 895
1933000000 , 895
1934000000 , 895
1935000000 , 896
1936000000 , 896
1937000000 , 896
1938000000 , 896
1939000000 , 896
1940000000 , 896
1941000000 , 896
1942000000 , 897
1943000000 , 898
1944000000 , 899
1945000000 , 900
1946000000 , 901
1947000000 , 901
1948000000 , 901
1949000000 , 901
1950000000 , 901
1951000000 , 901
1952000000 , 902
1953000000 , 902
1954000000 , 903
1955000000 , 903
1956000000 , 903
1957000000 , 904
1958000000 , 904
1959000000 , 904
1960000000 , 906
1961000000 , 906
1962000000 , 907
1963000000 , 908
1964000000 , 908
1965000000 , 908
1966000000 , 909
1967000000 , 909
1968000000 , 909
1969000000 , 909
1970000000 , 910
1971000000 , 911
1972000000 , 911
1973000000 , 912
1974000000 , 912
1975000000 , 913
1976000000 , 913
1977000000 , 914
1978000000 , 914
1979000000 , 915
1980000000 , 916
1981000000 , 916
1982000000 , 916
1983000000 , 916
1984000000 , 918
1985000000 , 918
1986000000 , 919
1987000000 , 919
1988000000 , 921
1989000000 , 922
1990000000 , 922
1991000000 , 922
1992000000 , 922
1993000000 , 923
1994000000 , 923
1995000000 , 925
1996000000 , 925
1997000000 , 926
1998000000 , 926
1999000000 , 926
2000000000 , 927
2001000000 , 928
2002000000 , 929
2003000000 , 930
2004000000 , 930
2005000000 , 930
2006000000 , 932
2007000000 , 932
2008000000 , 932
2009000000 , 934
2010000000 , 935
2011000000 , 935
2012000000 , 935
2013000000 , 935
2014000000 , 935
2015000000 , 935
2016000000 , 935
2017000000 , 937
2018000000 , 938
2019000000 , 939
2020000000 , 939
2021000000 , 939
2022000000 , 939
2023000000 , 940
2024000000 , 940
2025000000 , 940
2026000000 , 940
2027000000 , 940
2028000000 , 942
2029000000 , 942
2030000000 , 945
2031000000 , 947
2032000000 , 947
2033000000 , 947
2034000000 , 949
2035000000 , 950
2036000000 , 950
2037000000 , 950
2038000000 , 950
2039000000 , 950
2040000000 , 952
2041000000 , 953
2042000000 , 954
2043000000 , 954
2044000000 , 954
2045000000 , 955
2046000000 , 956
2047000000 , 956
2048000000 , 956
2049000000 , 957
2050000000 , 957
2051000000 , 957
2052000000 , 958
2053000000 , 960
2054000000 , 960
2055000000 , 961
2056000000 , 962
2057000000 , 963
2058000000 , 963
2059000000 , 963
2060000000 , 963
2061000000 , 963
2062000000 , 963
2063000000 , 963
2064000000 , 964
2065000000 , 965
2066000000 , 967
2067000000 , 967
2068000000 , 967
2069000000 , 968
2070000000 , 968
2071000000 , 970
2072000000 , 972
2073000000 , 974
2074000000 , 974
2075000000 , 974
2076000000 , 974
2077000000 , 976
2078000000 , 977
2079000000 , 978
2080000000 , 980
2081000000 , 980
2082000000 , 980
2083000000 , 980
2084000000 , 980
2085000000 , 980
2086000000 , 980
2087000000 , 981
2088000000 , 983
2089000000 , 983
2090000000 , 985
2091000000 , 985
2092000000 , 985
2093000000 , 986
2094000000 , 987
2095000000 , 987
2096000000 , 989
2097000000 , 989
2098000000 , 989
2099000000 , 990
2100000000 , 991
2101000000 , 991
2102000000 , 992
2103000000 , 992
2104000000 , 993
2105000000 , 993
2106000000 , 995
2107000000 , 995
2108000000 , 995
2109000000 , 996
2110000000 , 996
2111000000 , 996
2112000000 , 997
2113000000 , 997
2114000000 , 997
2115000000 , 998
2116000000 , 998
2117000000 , 998
2118000000 , 998
2119000000 , 999
2120000000 , 1001
2121000000 , 1001
2122000000 , 1002
2123000000 , 1004
2124000000 , 1004
2125000000 , 1004
2126000000 , 1004
2127000000 , 1004
2128000000 , 1005
2129000000 , 1006
2130000000 , 1008
2131000000 , 1008
2132000000 , 1008
2133000000 , 1008
2134000000 , 1009
2135000000 , 1009
2136000000 , 1010
2137000000 , 1010
2138000000 , 1010
2139000000 , 1010
2140000000 , 1012
2141000000 , 1012
2142000000 , 1012
2143000000 , 1013
2144000000 , 1015
2145000000 , 1015
2146000000 , 1015
2147000000 , 1016
2148000000 , 1016
2149000000 , 1016
2150000000 , 1016
2151000000 , 1016
2152000000 , 1016
2153000000 , 1017
2154000000 , 1017
2155000000 , 1017
2156000000 , 1017
2157000000 , 1017
2158000000 , 1017
2159000000 , 1021
2160000000 , 1021
2161000000 , 1021
2162000000 , 1021
2163000000 , 1021
2164000000 , 1021
2165000000 , 1021
2166000000 , 1021
2167000000 , 1021
2168000000 , 1022
2169000000 , 1022
2170000000 , 1022
2171000000 , 1022
2172000000 , 1022
2173000000 , 1023
2174000000 , 1023
2175000000 , 1023
2176000000 , 1023
2177000000 , 1023
2178000000 , 1025
2179000000 , 1025
2180000000 , 1025
2181000000 , 1026
2182000000 , 1026
2183000000 , 1027
2184000000 , 1027
2185000000 , 1027
2186000000 , 1027
2187000000 , 1028
2188000000 , 1028
2189000000 , 1028
2190000000 , 1029
2191000000 , 1029
2192000000 , 1030
2193000000 , 1030
2194000000 , 1032
2195000000 , 1032
2196000000 , 1032
2197000000 , 1034
2198000000 , 1034
2199000000 , 1034
2200000000 , 1035
2201000000 , 1035
2202000000 , 1035
2203000000 , 1038
2204000000 , 1038
2205000000 , 1039
2206000000 , 1040
2207000000 , 1040
2208000000 , 1041
2209000000 , 1042
2210000000 , 1043
2211000000 , 1044
2212000000 , 1044
2213000000 , 1044
2214000000 , 1046
2215000000 , 1046
2216000000 , 1046
2217000000 , 1046
2218000000 , 1047
2219000000 , 1047
2220000000 , 1047
2221000000 , 1048
2222000000 , 1048
2223000000 , 1050
2224000000 , 1050
2225000000 , 1050
2226000000 , 1054
2227000000 , 1055
2228000000 , 1058
2229000000 , 1058
2230000000 , 1058
2231000000 , 1059
2232000000 , 1059
2233000000 , 1059
2234000000 , 1059
2235000000 , 1060
2236000000 , 1060
2237000000 , 1061
2238000000 , 1062
2239000000 , 1062
2240000000 , 1062
2241000000 , 1063
2242000000 , 1063
2243000000 , 1063
2244000000 , 1064
2245000000 , 1068
2246000000 , 1068
2247000000 , 1068
2248000000 , 1068
2249000000 , 1068
2250000000 , 1068
2251000000 , 1068
2252000000 , 1068
2253000000 , 1069
2254000000 , 1070
2255000000 , 1071
2256000000 , 1071
2257000000 , 1071
2258000000 , 1071
2259000000 , 1072
2260000000 , 1072
2261000000 , 1072
2262000000 , 1073
2263000000 , 1073
2264000000 , 1074
2265000000 , 1074
2266000000 , 1075
2267000000 , 1076
2268000000 , 1076
2269000000 , 1076
2270000000 , 1077
2271000000 , 1077
2272000000 , 1077
2273000000 , 1078
2274000000 , 1079
2275000000 , 1080
2276000000 , 1080
2277000000 , 1080
2278000000 , 1081
2279000000 , 1081
2280000000 , 1081
2281000000 , 1081
2282000000 , 1083
2283000000 , 1083
2284000000 , 1083
2285000000 , 1084
2286000000 , 1085
2287000000 , 1085
2288000000 , 1085
2289000000 , 1085
2290000000 , 1085
2291000000 , 1086
2292000000 , 1087
2293000000 , 1088
2294000000 , 1089
2295000000 , 1089
2296000000 , 1090
2297000000 , 1090
2298000000 , 1090
2299000000 , 1091
2300000000 , 1091
2301000000 , 1091
2302000000 , 1091
2303000000 , 1091
2304000000 , 1092
2305000000 , 1092
2306000000 , 1092
2307000000 , 1092
2308000000 , 1093
2309000000 , 1093
2310000000 , 1093
2311000000 , 1093
2312000000 , 1094
2313000000 , 1094
2314000000 , 1095
2315000000 , 1096
2316000000 , 1096
2317000000 , 1098
2318000000 , 1098
2319000000 , 1099
2320000000 , 1099
2321000000 , 1099
2322000000 , 1100
2323000000 , 1102
2324000000 , 1102
2325000000 , 1103
2326000000 , 1103
2327000000 , 1103
2328000000 , 1104
2329000000 , 1104
2330000000 , 1107
2331000000 , 1107
2332000000 , 1108
2333000000 , 1108
2334000000 , 1108
2335000000 , 1109
2336000000 , 1111
2337000000 , 1111
2338000000 , 1111
2339000000 , 1111
2340000000 , 1111
2341000000 , 1111
2342000000 , 1112
2343000000 , 1112
2344000000 , 1112
2345000000 , 1113
2346000000 , 1113
2347000000 , 1114
2348000000 , 1115
2349000000 , 1116
2350000000 , 1117
2351000000 , 1117
2352000000 , 1119
2353000000 , 1119
2354000000 , 1119
2355000000 , 1120
2356000000 , 1120
2357000000 , 1120
2358000000 , 1120
2359000000 , 1120
2360000000 , 1120
2361000000 , 1122
2362000000 , 1123
2363000000 , 1123
2364000000 , 1125
2365000000 , 1125
2366000000 , 1125
2367000000 , 1126
2368000000 , 1127
2369000000 , 1129
2370000000 , 1130
2371000000 , 1132
2372000000 , 1132
2373000000 , 1133
2374000000 , 1133
2375000000 , 1133
2376000000 , 1133
2377000000 , 1133
2378000000 , 1133
2379000000 , 1133
2380000000 , 1133
2381000000 , 1134
2382000000 , 1135
2383000000 , 1135
2384000000 , 1136
2385000000 , 1136
2386000000 , 1137
2387000000 , 1137
2388000000 , 1137
2389000000 , 1137
2390000000 , 1137
2391000000 , 1137
2392000000 , 1137
2393000000 , 1137
2394000000 , 1138
2395000000 , 1140
2396000000 , 1140
2397000000 , 1140
2398000000 , 1142
2399000000 , 1142
2400000000 , 1143
2401000000 , 1143
2402000000 , 1144
2403000000 , 1144
2404000000 , 1145
2405000000 , 1145
2406000000 , 1146
2407000000 , 1146
2408000000 , 1146
2409000000 , 1146
2410000000 , 1146
2411000000 , 1146
2412000000 , 1147
2413000000 , 1148
2414000000 , 1148
2415000000 , 1148
2416000000 , 1148
2417000000 , 1149
2418000000 , 1149
2419000000 , 1149
2420000000 , 1150
2421000000 , 1152
2422000000 , 1152
2423000000 , 1152
2424000000 , 1153
2425000000 , 1153
2426000000 , 1153
2427000000 , 1153
2428000000 , 1153
2429000000 , 1155
2430000000 , 1155
2431000000 , 1155
2432000000 , 1155
2433000000 , 1155
2434000000 , 1156
2435000000 , 1156
