get_in_M,Avr gets
14,115
19,120
24,125
29,65
34,67.5
39,70
44,36.25
49,37.5
54,38.75
59,32
64,33
69,34
74,35
79,36
84,37
89,38
94,39
99,33.3333
104,29.2857
109,30
114,30.7143
119,31.4286
124,28.125
129,25.5556
134,26.1111
139,26.6667
144,27.2222
149,27.7778
154,25.5
159,23.6364
164,24.0909
169,24.5455
174,25
179,23.3333
184,23.75
189,24.1667
194,24.5833
199,23.0769
204,23.4615
209,23.8462
214,24.2308
219,24.6154
224,25
229,25.3846
234,25.7692
239,26.1538
244,26.5385
254,27.3077
259,25.7143
264,26.0714
269,26.4286
274,26.7857
279,25.3333
284,25.6667
289,26
294,26.3333
299,26.6667
304,25.3125
309,24.1176
314,24.4118
319,24.7059
324,25
329,25.2941
334,25.5882
339,24.4444
344,24.7222
349,25
354,23.9474
359,24.2105
364,24.4737
369,24.7368
374,25
379,25.2632
384,25.5263
389,25.7895
399,26.3158
404,26.5789
409,26.8421
414,27.1053
419,27.3684
424,27.6316
429,27.8947
434,28.1579
439,28.4211
444,28.6842
449,26.1905
454,26.4286
459,26.6667
464,26.9048
469,27.1429
474,27.381
479,26.3636
484,26.5909
489,25.6522
494,24.7917
499,24
504,24.2
509,23.4615
514,23.6538
519,22.963
524,23.1481
529,23.3333
534,23.5185
539,23.7037
544,22.2414
549,22.4138
554,22.5862
559,22.7586
564,22.1667
569,22.3333
574,21.7742
579,21.9355
584,21.4063
589,21.5625
594,21.0606
599,21.2121
604,21.3636
609,20.8824
614,21.0294
619,21.1765
624,21.3235
634,21.6176
639,21.1429
644,21.2857
649,21.4286
654,21.5714
659,21.7143
664,21.8571
669,22
674,22.1429
679,22.2857
684,22.4286
689,22.5714
694,22.0833
699,22.2222
704,22.3611
709,21.8919
714,22.027
719,22.1622
724,22.2973
729,22.4324
734,22.5676
739,22.1053
744,22.2368
749,21.7949
754,21.9231
759,22.0513
764,21.625
769,21.75
774,20.3488
779,20.4651
784,20.1136
789,20.2273
794,20.3409
799,20.4545
804,20.1111
809,20.2222
814,20.3333
819,20.4444
824,20.5556
829,20.6667
834,20.7778
839,20.8889
844,21
849,20.6522
854,20.3191
859,20
864,19.6939
869,19.7959
874,19.898
879,19.6
884,19.3137
889,19.4118
894,19.5098
899,19.6078
904,19.7059
909,19.8039
914,19.5192
919,19.6154
924,19.7115
929,19.8077
934,19.9038
939,20
944,20.0962
949,20.1923
954,20.2885
959,20.3846
964,20.0943
969,20.1887
974,20.283
984,19.7273
989,19.4643
994,19.5536
999,19.6429
1004,19.7321
1009,19.1379
1014,18.8983
1019,18.9831
1024,19.0678
1029,19.1525
1034,19.2373
1039,19
1044,19.0833
1054,18.9344
1059,19.0164
1064,18.7903
1069,18.871
1074,18.6508
1079,18.7302
1084,18.8095
1089,18.8889
1094,18.9683
1099,18.4615
1104,18.5385
1109,18.6154
1114,18.6923
1119,18.7692
1124,18.8462
1129,18.6364
1134,18.7121
1139,18.7879
1144,18.8636
1149,18.6567
1154,18.7313
1159,18.5294
1164,18.3333
1169,18.1429
1174,18.2143
1179,18.2857
1184,18.0986
1189,18.169
1194,18.2394
1199,18.3099
1204,18.3803
1209,18.1944
1214,18.2639
1219,18.3333
1224,18.4028
1229,18.4722
1234,18.5417
1239,18.3562
1244,18.4247
1249,18.4932
1254,18.3108
1259,17.8947
1264,17.7273
1269,17.7922
1274,17.8571
1279,17.9221
1284,17.987
1289,18.0519
1294,17.8846
1299,17.9487
1304,18.0128
1309,18.0769
1314,18.141
1319,18.2051
1324,18.2692
1329,18.1013
1334,18.1646
1339,18.2278
1344,18.2911
1349,18.3544
1354,18.4177
1359,18.481
1364,18.5443
1369,18.6076
1374,18.4375
1379,18.5
1384,18.3333
1389,18.1707
1394,18.012
1399,17.8571
1404,17.9167
1409,17.9762
1414,17.8235
1419,17.8824
1424,17.9412
1429,18
1434,18.0588
1439,18.1176
1444,18.1765
1449,18.2353
1454,18.0814
1459,17.7273
1464,17.7841
1469,17.8409
1474,17.6966
1479,17.7528
1484,17.809
1489,17.8652
1494,17.9213
1499,17.7778
1504,17.8333
1509,17.8889
1514,17.9444
1519,18
1524,18.0556
1529,18.1111
1534,18.1667
1539,18.2222
1544,18.2778
1549,18.1319
1554,18.1868
1559,18.0435
1564,18.0978
1569,18.1522
1574,18.2065
1579,18.2609
1584,18.3152
1589,18.3696
1594,18.4239
1599,18.4783
1604,18.3333
1609,18.3871
1614,18.4409
1619,18.4946
1624,18.5484
1629,18.6022
1634,18.6559
1639,18.5106
1644,18.5638
1649,18.617
1654,18.6702
1659,18.7234
1664,18.7766
1669,18.8298
1674,18.6842
1679,18.1633
1684,18.0303
1689,18.0808
1694,17.95
1699,17.8218
1704,17.8713
1709,17.9208
1714,17.9703
1719,18.0198
1724,18.0693
1729,18.1188
1734,17.9902
1739,17.8641
1744,17.9126
1749,17.9612
1754,18.0097
1759,18.0583
1764,17.9327
1769,17.9808
1774,18.0288
1779,18.0769
1784,18.125
1789,18
1794,18.0476
1799,17.9245
1804,17.8037
1809,17.6852
1814,17.7315
1819,17.7778
1824,17.8241
1829,17.8704
1834,17.9167
1839,17.963
1844,18.0093
1849,17.8899
1854,17.9358
1859,17.9817
1864,18.0275
1869,18.0734
1874,18.1193
1879,18.1651
1884,18.211
1889,18.0909
1894,18.1364
1899,18.018
1904,18.0631
1909,18.1081
1914,18.1532
1919,18.1982
1924,18.0804
1929,17.807
1934,17.8509
1939,17.8947
1944,17.9386
1949,17.9825
1954,18.0263
1959,18.0702
1964,17.9565
1969,18
1974,18.0435
1979,18.087
1984,18.1304
1989,18.1739
1994,18.0603
1999,18.1034
2004,18.1466
2009,18.1897
2014,18.2328
2019,18.2759
2024,18.1624
2029,18.2051
2034,18.2479
2039,18.2906
2044,18.3333
2049,18.3761
2054,18.4188
2059,18.4615
2064,18.5043
2069,18.547
2074,18.4322
2079,18.3193
2084,18.3613
2089,18.4034
2094,18.1405
2099,18.0328
2104,18.0738
2109,17.9675
2114,17.8629
2119,17.9032
2124,17.8
2129,17.84
2134,17.88
2139,17.92
2144,17.8175
2149,17.8571
2154,17.8968
2159,17.9365
2164,17.9762
2169,18.0159
2174,17.9134
2179,17.8125
2184,17.8516
2189,17.8906
2194,17.9297
2199,17.9688
2204,18.0078
2209,18.0469
2214,18.0859
2219,18.125
2224,18.1641
2229,18.2031
2234,18.1008
2239,18.1395
2244,18.1783
2249,18.2171
2254,18.2558
2259,18.2946
2264,18.3333
2269,18.3721
2274,18.4109
2279,18.4496
2284,18.4884
2289,18.5271
2294,18.5659
2299,18.6047
2304,18.6434
2309,18.6822
2314,18.7209
2319,18.7597
2324,18.7984
2329,18.8372
2334,18.5878
2339,18.626
2344,18.5227
2349,18.5606
2354,18.5985
2359,18.6364
2364,18.5338
2369,18.5714
2374,18.609
2379,18.6466
2384,18.6842
2389,18.7218
2394,18.7594
2399,18.797
2404,18.8346
2409,18.7313
2414,18.7687
2419,18.806
2424,18.8433
2429,18.8806
2434,18.9179
2439,18.8148
2444,18.5766
2449,18.6131
2454,18.6496
2459,18.6861
2464,18.7226
2469,18.7591
2474,18.7956
2479,18.8321
2484,18.7319
2489,18.7681
2494,18.8043
2499,18.705
2504,18.6071
2509,18.6429
2514,18.5461
2519,18.4507
2524,18.4859
2529,18.3916
2534,18.4266
2539,18.4615
2544,18.4965
2549,18.5315
2554,18.5664
2559,18.4722
2564,18.5069
2569,18.4138
2574,18.4483
2579,18.4828
2584,18.5172
2589,18.5517
2594,18.5862
2599,18.6207
2604,18.6552
2609,18.5616
2614,18.5959
2619,18.6301
2624,18.6644
2629,18.6986
2634,18.6054
2639,18.6395
2644,18.5473
2649,18.4564
2654,18.4899
2659,18.5235
2664,18.557
2669,18.4667
2674,18.3775
2679,18.4106
2684,18.3224
2689,18.3553
2694,18.3882
2699,18.3007
2704,18.3333
2709,18.366
2714,18.2792
2719,18.3117
2724,18.3442
2729,18.3766
2734,18.4091
2739,18.4416
2744,18.3548
2749,18.3871
2754,18.3013
2759,18.2166
2764,18.2484
2769,18.2803
2774,18.3121
2779,18.2278
2784,18.1447
2789,18.0625
2794,17.9814
2799,18.0124
2804,18.0435
2809,17.8528
2814,17.8834
2819,17.8049
2824,17.8354
2829,17.8659
2834,17.8963
2839,17.9268
2844,17.9573
2849,17.9878
2854,18.0183
2859,18.0488
2864,17.9697
2869,18
2874,18.0303
2879,18.0606
2884,18.0909
2889,18.1212
2894,18.1515
2899,18.1818
2904,18.1024
2909,18.1325
2914,18.1627
2919,17.9762
2924,18.006
2929,18.0357
2934,18.0655
2939,18.0952
2944,18.125
2949,18.1548
2954,18.0769
2959,18.1065
2964,18.1361
2969,18.0588
2974,17.9825
2979,18.0117
2984,18.0409
2989,18.0702
2994,18.0994
2999,18.1287
3004,18.1579
3009,18.0814
3014,18.1105
3019,18.1395
3024,18.1686
3029,18.1977
3034,18.1214
3039,18.046
3044,18.0747
3049,18.1034
3054,18.1322
3059,18.1609
3064,18.1897
3069,18.2184
3074,18.2471
3079,18.2759
3084,18.0966
3089,18.125
3094,18.1534
3099,18.1818
3104,18.2102
3109,18.2386
3114,18.267
3119,18.2955
3124,18.3239
3129,18.3523
3134,18.3807
3139,18.4091
3144,18.4375
3149,18.4659
3154,18.3898
3159,18.4181
3164,18.4463
3169,18.4746
3174,18.5028
3179,18.427
3184,18.4551
3189,18.4831
3194,18.4078
3199,18.4358
3204,18.2597
3209,18.2873
3214,18.2143
3219,18.0435
3224,18.0707
3229,18.0978
3234,18.125
3239,18.1522
3244,18.0811
3249,18.1081
3254,18.1351
3259,18.1622
3264,18.1892
3269,18.2162
3274,18.2432
3279,18.2703
3284,18.2973
3289,18.3243
3294,18.3514
3299,18.3784
3304,18.4054
3309,18.4324
3314,18.3602
3319,18.3871
3324,18.414
3329,18.4409
3334,18.4677
3339,18.4946
3344,18.5215
3349,18.5484
3354,18.5753
3359,18.5027
3364,18.4309
3369,18.4574
3374,18.484
3379,18.4127
3384,18.3421
3389,18.3684
3394,18.3947
3399,18.4211
3404,18.3508
3409,18.377
3414,18.4031
3419,18.4293
3424,18.3594
3429,18.3854
3434,18.4115
3439,18.4375
3444,18.4635
3449,18.299
3454,18.3247
3459,18.2564
3464,18.2821
3469,18.3077
3474,18.3333
3479,18.359
3484,18.3846
3489,18.4103
3494,18.3418
3499,18.3673
3504,18.3929
3509,18.2323
3514,18.2576
3519,18.2828
3524,18.3081
3529,18.3333
3534,18.175
3539,18.2
3544,18.1343
3549,18.1592
3554,18.1841
3559,18.209
3564,18.2338
3569,18.1683
3574,18.1931
3579,18.2178
3584,18.2426
3589,18.1773
3594,18.202
3599,18.1373
3604,18.1618
3609,18.1863
3614,18.2108
3619,18.2353
3624,18.2598
3629,18.1951
3634,18.1311
3639,18.1553
3644,18.1796
3649,18.2039
3654,18.0529
3659,18.0769
3664,18.101
3669,18.125
3674,18.149
3679,18.0861
3684,18.11
3689,18.0476
3694,18.0714
3699,18.0952
3704,18.119
3709,18.1429
3714,18.0806
3719,18.1043
3724,18.128
3729,18.1517
3734,18.0896
3739,18.1132
3744,18.1368
3749,18.1604
3754,18.0986
3759,18.0374
3764,18.0607
3769,18
3774,18.0233
3779,18.0465
3784,18.0698
3789,18.0093
3794,18.0324
3799,18.0556
3804,18.0787
3809,18.1019
3814,18.125
3819,18.1481
3824,18.1713
3829,18.1106
3834,18.1336
3839,18.1567
3844,18.0963
3849,18.1193
3854,18.1422
3859,18.1651
3864,18.1881
3869,18.211
3874,18.2339
3879,18.2569
3884,18.2798
3889,18.3028
3894,18.242
3899,18.2648
3904,18.2877
3909,18.3105
3914,18.3333
3919,18.3562
3924,18.379
3929,18.4018
3934,18.3409
3939,18.3636
3944,18.3864
3949,18.3258
3954,18.3484
3959,18.2883
3964,18.3108
3969,18.2511
3974,18.2735
3979,18.296
3984,18.3184
3989,18.2589
3994,18.2813
3999,18.3036
4004,18.3259
4009,18.3482
4014,18.3705
4019,18.3929
4024,18.4152
4029,18.4375
4034,18.4598
4039,18.4821
4044,18.5045
4049,18.5268
4054,18.5491
4059,18.4071
4064,18.4292
4069,18.4513
4074,18.2314
4079,18.2533
4084,18.2751
4089,18.2174
4094,18.2391
4099,18.1034
4104,18.125
4109,18.1466
4114,18.1681
4119,18.1897
4124,18.2112
4129,18.2328
4134,18.2543
4139,18.2759
4144,18.2974
4149,18.319
4154,18.3405
4159,18.2833
4164,18.3047
4169,18.3262
4174,18.3476
4179,18.2906
4184,18.312
4189,18.3333
4194,18.3547
4199,18.3761
4204,18.3974
4209,18.4188
4214,18.4402
4219,18.4615
4224,18.4829
4229,18.5043
4234,18.5256
4239,18.4681
4244,18.411
4249,18.4322
4254,18.4534
4259,18.3966
4264,18.3403
4269,18.2845
4274,18.3054
4279,18.1743
4284,18.195
4289,18.2158
4294,18.1612
4299,18.1818
4304,18.2025
4309,18.2231
4314,18.2438
4319,18.2645
4324,18.2851
4329,18.3058
4334,18.251
4339,18.2716
4349,18.2377
4354,18.2582
4359,18.2787
4364,18.2992
4369,18.3197
4374,18.2653
4379,18.2114
4384,18.2317
4389,18.252
4394,18.1984
4399,18.2186
4404,18.2389
4409,18.2591
4414,18.2794
4419,18.2258
4424,18.246
4429,18.2661
4434,18.2129
4439,18.16
4444,18.18
4449,18.1275
4454,18.1474
4459,18.1673
4469,18.2072
4474,18.2271
4479,18.247
4484,18.2669
4489,18.2869
4494,18.3068
4499,18.254
4504,18.2738
4509,18.2937
4514,18.3135
4519,18.3333
4524,18.3532
4529,18.3004
4534,18.3202
4539,18.3399
4544,18.3597
4549,18.3794
4554,18.3992
4559,18.3465
4564,18.3661
4569,18.3858
4574,18.4055
4579,18.4252
4584,18.4449
4589,18.4646
4594,18.4843
4599,18.5039
4604,18.451
4614,18.4902
4619,18.5098
4624,18.5294
4629,18.549
4634,18.5686
4639,18.5156
4644,18.463
4649,18.4109
4654,18.4302
4659,18.3784
4664,18.3269
4669,18.3462
4674,18.295
4679,18.3142
4684,18.3333
4689,18.3525
4694,18.3716
4699,18.251
4704,18.27
4709,18.289
4714,18.308
4719,18.327
4724,18.346
4729,18.365
4734,18.384
4739,18.403
4744,18.4221
4749,18.4411
4754,18.4601
4759,18.4791
4764,18.4981
4769,18.5171
4774,18.5361
4779,18.5551
4784,18.5741
4789,18.5932
4794,18.6122
4799,18.6312
4804,18.5795
4809,18.5985
4814,18.6174
4819,18.6364
4824,18.6553
4829,18.6742
4834,18.6226
4839,18.6415
4844,18.5902
4849,18.5393
4854,18.5581
4859,18.5075
4864,18.4572
4869,18.4758
4874,18.4944
4879,18.513
4884,18.463
4889,18.4815
4894,18.4317
4899,18.4502
4904,18.4686
4909,18.4871
4914,18.5055
4919,18.524
4924,18.5424
4929,18.5609
4934,18.5793
4939,18.5294
4944,18.5478
4949,18.5662
4954,18.5165
4959,18.4672
4964,18.4854
4969,18.5036
4974,18.5219
4979,18.5401
4984,18.4909
4989,18.442
4994,18.4601
4999,18.4783
5004,18.4964
5009,18.4477
5014,18.3993
5019,18.4173
5024,18.4353
5029,18.4532
5034,18.4712
5039,18.4892
5044,18.5072
5049,18.4588
5054,18.4767
5059,18.363
5064,18.3808
5069,18.3333
5074,18.2862
5079,18.3039
5084,18.3216
5089,18.3392
5094,18.3569
5099,18.3099
5104,18.3275
5109,18.2807
5114,18.2343
5119,18.1882
5124,18.1424
5134,18.1771
5139,18.069
5144,18.0862
5149,18.1034
5154,18.1207
5159,18.1379
5164,18.1552
5169,18.1724
5174,18.1271
5179,18.0822
5184,18.0993
5189,18.1164
5194,18.1336
5199,18.1507
5204,18.1678
5209,18.1849
5214,18.0782
5219,18.0952
5224,18.0508
5229,18.0068
5234,18.0236
5239,18.0405
5244,18.0574
5249,18.0743
5254,18.0912
5259,18.0471
5264,18.064
5269,18.0808
5274,18.0976
5279,18.1145
5284,18.0705
5289,18.0872
5294,18.104
5299,18.1208
5304,18.1376
5309,18.1544
5314,18.1711
5319,18.1271
5324,18.1438
5329,18.1605
5334,18.1773
5339,18.194
5344,18.2107
5349,18.2274
5354,18.2441
5359,18.2
5364,18.1561
5369,18.1728
5374,18.0693
5379,18.0858
5384,17.9836
5389,18
5394,18.0164
5399,17.9153
5404,17.8734
5409,17.8896
5414,17.8479
5419,17.8641
5429,17.8387
5434,17.8548
5439,17.871
5444,17.8871
5449,17.9032
5454,17.8617
5459,17.8778
5464,17.8939
5469,17.91
5474,17.926
5479,17.8846
5484,17.9006
5489,17.8594
5494,17.8754
5499,17.8914
5504,17.9073
5509,17.9233
5514,17.9393
5519,17.9553
5524,17.9712
5529,17.9872
5534,17.9459
5539,17.9618
5544,17.9777
5549,17.9365
5554,17.9524
5559,17.8549
5564,17.8707
5569,17.8302
5574,17.8459
5579,17.8056
5584,17.7103
5589,17.7259
5594,17.7414
5599,17.757
5604,17.7726
5609,17.7882
5614,17.8037
5619,17.8193
5624,17.8349
5629,17.8505
5634,17.866
5639,17.8816
5644,17.8972
5649,17.9128
5654,17.9283
5659,17.9439
5664,17.9037
5669,17.9193
5674,17.9348
5679,17.9503
5684,17.9102
5689,17.9257
5694,17.8858
5699,17.8462
5704,17.8067
5709,17.8221
5714,17.8374
5719,17.8528
5724,17.8135
5729,17.7744
5734,17.7896
5739,17.8049
5744,17.8201
5749,17.8354
5754,17.8506
5759,17.8116
5764,17.7727
5769,17.7879
5774,17.803
5779,17.7644
5784,17.7795
5789,17.7946
5794,17.756
5799,17.7711
5804,17.7327
5809,17.7477
5814,17.7628
5819,17.7778
5824,17.7928
5829,17.8078
5834,17.8228
5839,17.8378
5844,17.8529
5849,17.8679
5854,17.8829
5859,17.8443
5864,17.8593
5869,17.8743
5874,17.8892
5879,17.9042
5884,17.9192
5889,17.9341
5894,17.8955
5899,17.9104
5904,17.9254
5914,17.9018
5919,17.8635
5924,17.8783
5929,17.8402
5934,17.8024
5939,17.8171
5944,17.8319
5949,17.7941
5954,17.7566
5959,17.7713
5964,17.7339
5969,17.6968
5974,17.7114
5979,17.6744
5984,17.6377
5989,17.6522
5994,17.6667
5999,17.6812
6004,17.6957
6009,17.7101
6014,17.7246
6019,17.7391
6024,17.7536
6029,17.7168
6034,17.6801
6039,17.6437
6044,17.5571
6049,17.5714
6054,17.5356
6059,17.5
6064,17.5142
6069,17.5284
6074,17.5426
6079,17.5568
6084,17.571
6089,17.5852
6094,17.5994
6099,17.6136
6104,17.6278
6109,17.5921
6114,17.6062
6119,17.5706
6124,17.5352
6129,17.5493
6134,17.514
6139,17.5281
6144,17.493
6149,17.507
6154,17.521
6159,17.535
6164,17.549
6169,17.563
6174,17.577
6179,17.591
6184,17.507
6189,17.5209
6194,17.4861
6199,17.5
6204,17.4171
6209,17.4309
6214,17.4448
6219,17.4586
6224,17.4724
6229,17.4862
6234,17.5
6239,17.5138
6244,17.5276
6249,17.5414
6254,17.5552
6259,17.5691
6264,17.5344
6269,17.5
6274,17.5137
6279,17.5275
6284,17.5412
6289,17.5068
6294,17.4727
6299,17.4863
6304,17.4523
6309,17.4659
6314,17.4796
6319,17.4457
6324,17.4119
6329,17.4255
6334,17.439
6339,17.4526
6344,17.4661
6349,17.4797
6354,17.4932
6359,17.5068
6364,17.5203
6369,17.4865
6374,17.5
6379,17.5135
6384,17.527
6389,17.5405
6394,17.5541
6399,17.5676
6404,17.5337
6409,17.5472
6414,17.5606
6419,17.5741
6424,17.5876
6429,17.6011
6434,17.5201
6439,17.5335
6444,17.5
6449,17.4667
6454,17.48
6459,17.4933
6464,17.5067
6469,17.52
6474,17.5333
6479,17.5
6484,17.4668
6489,17.4801
6494,17.4471
6499,17.4603
6504,17.4735
6509,17.3491
6519,17.3753
6524,17.3885
6529,17.4016
6534,17.4147
6539,17.3822
6544,17.3953
6549,17.3629
6554,17.3307
6559,17.3438
6564,17.3117
6569,17.3247
6574,17.3377
6579,17.3057
6584,17.3187
6589,17.2868
6594,17.2552
6599,17.2237
6604,17.2365
6609,17.2494
6614,17.2622
6619,17.2751
6624,17.2879
6629,17.3008
6634,17.3136
6639,17.2821
6644,17.2949
6649,17.3077
6654,17.3205
6659,17.3333
6664,17.3462
6669,17.359
6674,17.3718
6679,17.2959
6684,17.2646
6689,17.2335
6694,17.2462
6699,17.2152
6704,17.1843
6709,17.197
6714,17.2096
6719,17.2222
6724,17.2348
6729,17.2475
6734,17.2601
6739,17.2727
6744,17.2418
6749,17.2111
6754,17.1805
6759,17.15
6764,17.1197
6769,17.1322
6774,17.1446
6779,17.1144
6784,17.0844
6794,17.1092
6799,17.1216
6804,17.134
6809,17.1464
6819,17.1287
6824,17.1411
6829,17.1535
6834,17.1658
6839,17.1782
6844,17.1906
6849,17.1605
6854,17.1728
6859,17.1852
6864,17.1975
6869,17.2099
6874,17.2222
6879,17.2346
6884,17.2044
6889,17.1744
6894,17.1446
6899,17.1569
6904,17.1691
6909,17.1814
6914,17.1936
6919,17.2059
6924,17.2181
6929,17.2304
6934,17.2426
6939,17.2549
6944,17.2672
6949,17.2794
6954,17.2917
6959,17.2195
6964,17.2317
6969,17.2439
6974,17.2561
6979,17.2683
6984,17.2805
6989,17.2927
6994,17.3049
6999,17.3171
7004,17.3293
7009,17.2993
7014,17.3114
7019,17.3236
7024,17.3358
7029,17.3479
7034,17.3601
7039,17.3301
7044,17.3422
7054,17.3245
7059,17.3366
7064,17.3068
7069,17.3188
7074,17.3309
7079,17.343
7084,17.3551
7089,17.3671
7094,17.3792
7099,17.3913
7104,17.4034
7109,17.4155
7114,17.4275
7119,17.4396
7124,17.4517
7129,17.4638
7134,17.4758
7139,17.4879
7144,17.5
7149,17.4699
7154,17.4819
7159,17.4519
7164,17.4639
7169,17.4341
7174,17.446
7179,17.458
7184,17.47
7189,17.482
7194,17.4522
7199,17.4641
7204,17.4761
7209,17.488
7214,17.5
7219,17.512
7224,17.5239
7229,17.4524
7234,17.4643
7239,17.4762
7244,17.4466
7249,17.4584
7254,17.4703
7264,17.4941
7269,17.5059
7274,17.5178
7279,17.4882
7284,17.4586
7289,17.4704
7294,17.4823
7299,17.4941
7304,17.5059
7309,17.5177
7314,17.5296
7319,17.5414
7324,17.5532
7329,17.565
7334,17.5768
7339,17.5887
7344,17.6005
7349,17.4883
7354,17.5
7359,17.4299
7364,17.3605
7369,17.3721
7374,17.3837
7379,17.355
7384,17.3264
7389,17.2979
7394,17.3095
7399,17.321
7404,17.2926
7409,17.3041
7414,17.3157
7419,17.3272
7424,17.2989
7429,17.3103
7434,17.3218
7439,17.3333
7444,17.3448
7449,17.3563
7454,17.3678
7459,17.3394
7464,17.3112
7469,17.3227
7474,17.2551
7479,17.2665
7484,17.2779
7489,17.2893
7494,17.3007
7499,17.2727
7504,17.2841
7509,17.2955
7514,17.3068
7519,17.3182
7524,17.3295
7529,17.3016
7534,17.3129
7539,17.3243
7544,17.3356
7549,17.3469
7554,17.319
7559,17.2912
7564,17.3025
7569,17.3138
7574,17.3251
7579,17.3363
7584,17.3086
7589,17.2809
7594,17.2534
7599,17.226
7604,17.2371
7609,17.2483
7614,17.2595
7619,17.2707
7624,17.2049
7629,17.216
7634,17.2272
7639,17.2383
7644,17.2111
7649,17.2222
7654,17.2333
7659,17.2444
7664,17.2556
7669,17.2667
7674,17.2013
7679,17.2124
7684,17.2235
7689,17.2345
7694,17.2456
7699,17.2566
7704,17.2296
7709,17.2406
7714,17.2517
7719,17.2627
7724,17.2357
7729,17.2088
7734,17.2198
7739,17.2308
7744,17.2418
7749,17.2149
7754,17.2259
7759,17.2368
7764,17.2101
7769,17.221
7774,17.2319
7779,17.2429
7784,17.2538
7789,17.2648
7794,17.2757
7799,17.2867
7804,17.2976
7809,17.3085
7814,17.3195
7819,17.3304
7824,17.3035
7829,17.3144
7834,17.3253
7839,17.3362
7844,17.3472
7849,17.3581
7854,17.3312
7859,17.342
7864,17.3152
7869,17.2885
7874,17.2619
7879,17.2727
7884,17.2091
7889,17.2198
7894,17.2306
7899,17.2043
7904,17.2151
7909,17.2258
7914,17.2366
7919,17.2473
7924,17.2581
7929,17.2688
7934,17.2796
7939,17.2903
7944,17.2639
7949,17.2747
7954,17.2854
7959,17.2961
7964,17.3069
7969,17.3176
7974,17.3283
7979,17.3391
7984,17.3498
7989,17.3605
7994,17.3712
7999,17.3077
8004,17.2814
8009,17.2921
8014,17.3028
8019,17.2399
8029,17.2611
8034,17.2718
8039,17.2824
8044,17.293
8049,17.3036
8054,17.3142
8059,17.3248
8064,17.3355
8069,17.3461
8079,17.3305
8084,17.3411
8089,17.3517
8094,17.3623
8099,17.3362
8104,17.2737
8109,17.2479
8114,17.2584
8119,17.2327
8124,17.2071
8129,17.2176
8134,17.1563
8139,17.131
8144,17.1414
8149,17.1518
8154,17.1266
8159,17.1369
8164,17.1473
8169,17.1577
8174,17.1325
8179,17.1429
8184,17.1178
8189,17.1281
8194,17.1384
8199,17.1488
8204,17.1237
8209,17.134
8214,17.1443
8219,17.1546
8224,17.1649
8229,17.1753
8234,17.1856
8239,17.1959
8244,17.1708
8249,17.1811
8254,17.1561
8259,17.1663
8264,17.1766
8269,17.1869
8274,17.1619
8279,17.1721
8284,17.1824
8289,17.1926
8294,17.1677
8299,17.1779
8304,17.1881
8309,17.1633
8314,17.1735
8319,17.1837
8324,17.1589
8329,17.169
8334,17.1792
8339,17.1894
8344,17.1646
8349,17.1748
8354,17.185
8359,17.1602
8364,17.1704
8369,17.1805
8374,17.1559
8379,17.166
8384,17.1761
8389,17.1862
8394,17.1616
8399,17.1717
8404,17.1818
8409,17.1919
8414,17.202
8419,17.2121
8424,17.2222
8429,17.2323
8434,17.2424
8439,17.2525
8444,17.1932
8449,17.2032
8454,17.2133
8459,17.2233
8464,17.1988
8469,17.2088
8474,17.2189
8479,17.1944
8484,17.2044
8489,17.18
8494,17.19
8499,17.2
8504,17.21
8509,17.1856
8514,17.1956
8519,17.2056
8524,17.1813
8529,17.1912
8534,17.2012
8539,17.2112
8544,17.2211
8549,17.1968
8554,17.1726
8559,17.1825
8564,17.1925
8569,17.1683
8574,17.1782
8579,17.1542
8584,17.164
8589,17.1739
8594,17.1499
8599,17.1598
8604,17.1696
8609,17.1795
8614,17.1893
8619,17.1992
8624,17.2091
8629,17.2189
8634,17.2288
8639,17.2387
8644,17.2485
8649,17.2584
8654,17.2682
8659,17.2781
8664,17.288
8669,17.2978
8674,17.2397
8679,17.2495
8684,17.2593
8689,17.2353
8694,17.2451
8699,17.2549
8704,17.2647
8709,17.2745
8714,17.2843
8719,17.2603
8724,17.2701
8729,17.2798
8734,17.2559
8739,17.2656
8744,17.2754
8749,17.2852
8754,17.2949
8759,17.3047
8764,17.2807
8769,17.2568
8774,17.233
8779,17.2427
8784,17.2524
8789,17.2287
8794,17.1718
8799,17.1815
8804,17.158
8809,17.1676
8814,17.1773
8819,17.1869
8824,17.1965
8829,17.2062
8834,17.1827
8839,17.1923
8844,17.2019
8849,17.1785
8854,17.1881
8859,17.1977
8864,17.2073
8869,17.1839
8874,17.1606
8879,17.1702
8884,17.1797
8889,17.1238
8894,17.1008
8899,17.0778
8904,17.0873
8909,17.0644
8914,17.0739
8919,17.0833
8924,17.0928
8929,17.1023
8934,17.1117
8939,17.0888
8944,17.066
8949,17.0755
8954,17.0527
8959,17.0621
8964,17.0716
8969,17.081
8974,17.0904
8979,17.0998
8984,17.1092
8989,17.1186
8994,17.1281
8999,17.1375
9004,17.1469
9009,17.1563
9014,17.1657
9019,17.1751
9024,17.1846
9029,17.194
9034,17.2034
9039,17.2128
9044,17.2222
9049,17.2316
9054,17.2411
9059,17.1857
9064,17.1951
9069,17.1723
9074,17.1816
9079,17.191
9084,17.2004
9094,17.1549
9099,17.1322
9104,17.1415
9109,17.1508
9114,17.1601
9119,17.1695
9124,17.1788
9129,17.1881
9134,17.1654
9139,17.1747
9144,17.1521
9149,17.1614
9154,17.1389
9159,17.1481
9164,17.1574
9169,17.1349
9174,17.1125
9179,17.0902
9184,17.0994
9189,17.1087
9194,17.1179
9199,17.1271
9204,17.1363
9209,17.1455
9214,17.1547
9219,17.1324
9224,17.1415
9229,17.1193
9234,17.0971
9239,17.075
9244,17.0841
9249,17.0932
9254,17.1024
9259,17.1115
9264,17.1207
9269,17.1298
9274,17.1077
9279,17.1168
9284,17.1259
9289,17.135
9294,17.1129
9299,17.122
9304,17.1311
9309,17.078
9314,17.0562
9319,17.0652
9324,17.0743
9329,17.0833
9334,17
9339,17.009
9344,17.018
9349,17.027
9354,17.036
9359,17.045
9364,17.0541
9369,17.0631
9374,17.0721
9379,17.0811
9384,17.0901
9389,17.0991
9394,17.0773
9399,17.0863
9404,17.0646
9409,17.0736
9414,17.0826
9419,17.0916
9424,17.1005
9429,17.0789
9434,17.0878
9439,17.0968
9444,17.1057
9449,17.1147
9454,17.0625
9464,17.0804
9469,17.0893
9474,17.0982
9479,17.1071
9484,17.1161
9489,17.125
9494,17.073
9499,17.0819
9504,17.0907
9509,17.0996
9514,17.1085
9519,17.1174
9524,17.1263
9529,17.1352
9534,17.1441
9539,17.1226
9544,17.1314
9549,17.1099
9554,17.1188
9559,17.1277
9564,17.1365
9569,17.1454
9574,17.1239
9579,17.1327
9584,17.1416
9589,17.1201
9594,17.129
9599,17.1076
9604,17.1164
9609,17.1252
9614,17.1039
9619,17.1127
9624,17.0914
9629,17.0702
9634,17.0789
9639,17.0877
9644,17.0665
9649,17.0157
9654,16.9652
9659,16.9739
9664,16.9237
9669,16.9031
9674,16.8826
9679,16.8621
9684,16.8417
9689,16.8503
9694,16.801
9699,16.8096
9704,16.8182
9709,16.8268
9714,16.8353
9719,16.8151
9724,16.8236
9729,16.8322
9734,16.8408
9739,16.8205
9744,16.8003
9749,16.7517
9754,16.7602
9759,16.7687
9764,16.7487
9769,16.7288
9774,16.7373
9779,16.7458
9784,16.7542
9789,16.7627
9794,16.7428
9799,16.7513
9804,16.7597
9809,16.7682
9814,16.7766
9819,16.7003
9824,16.7088
9829,16.7172
9834,16.7256
9839,16.7059
9844,16.7143
9849,16.7227
9854,16.703
9859,16.7114
9864,16.6918
9869,16.7002
9874,16.7085
9879,16.7169
9884,16.7253
9889,16.6778
9894,16.6861
9899,16.6945
9904,16.7028
9909,16.7112
9914,16.7195
9919,16.7279
9924,16.7083
9929,16.7167
9934,16.6972
9939,16.7055
9944,16.7138
9949,16.6944
9954,16.675
9959,16.6281
9964,16.6364
9969,16.6446
9974,16.6529
9979,16.6063
9984,16.6145
9989,16.5954
9994,16.6036
9999,16.5846
10004,16.5928
10009,16.601
10014,16.6092
10019,16.5902
10024,16.5984
10029,16.5794
10034,16.5605
10039,16.5416
10044,16.5498
10049,16.5309
10054,16.5391
10059,16.5472
10064,16.5285
10069,16.5097
10074,16.5179
10079,16.526
10084,16.5073
10089,16.5154
10094,16.5235
10099,16.5049
10104,16.5129
10109,16.521
10114,16.5291
10119,16.5105
10124,16.5186
10129,16.5
10134,16.5081
10139,16.5161
10144,16.5242
10149,16.5323
10154,16.5403
10159,16.5484
10164,16.5565
10169,16.5378
10174,16.5459
10179,16.5273
10184,16.5354
10189,16.5434
10194,16.5514
10199,16.5595
10204,16.5675
10209,16.5756
10214,16.557
10219,16.565
10224,16.5465
10229,16.528
10234,16.5096
10239,16.4912
10244,16.4992
10249,16.4809
10254,16.4889
10259,16.4968
10264,16.5048
10269,16.4865
10274,16.4422
10279,16.4501
10284,16.458
10289,16.4659
10294,16.4739
10299,16.4818
10304,16.4897
10309,16.4715
10314,16.4794
10319,16.4613
10324,16.4692
10329,16.4771
10334,16.485
10339,16.4929
10344,16.4748
10349,16.4826
10354,16.4905
10359,16.4984
10364,16.5063
10369,16.5142
10374,16.4961
10379,16.478
10384,16.46
10389,16.4678
10394,16.4757
10399,16.4835
10404,16.4655
10409,16.4734
10414,16.4812
10419,16.489
10424,16.4969
10429,16.4531
10434,16.4609
10439,16.4688
10444,16.4509
10449,16.4587
10454,16.4665
10459,16.4743
10464,16.4821
10469,16.4642
10474,16.472
10479,16.4798
10484,16.4363
10489,16.4441
10494,16.4264
10499,16.4341
10504,16.4419
10509,16.4496
10514,16.4574
10519,16.4651
10524,16.4729
10529,16.4806
10534,16.4884
10539,16.4961
10544,16.5039
10549,16.5116
10554,16.5194
10559,16.5271
10564,16.5349
10569,16.5426
10574,16.5248
10579,16.4815
10584,16.4892
10589,16.4715
10594,16.4792
10599,16.4869
10604,16.4946
10609,16.4769
10614,16.4846
10619,16.4923
10624,16.4747
10629,16.4823
10634,16.49
10639,16.4724
10644,16.4801
10649,16.4877
10654,16.4701
10659,16.4526
10664,16.4602
10669,16.4679
10674,16.4755
10679,16.4832
10684,16.4908
10689,16.4985
10694,16.4809
10699,16.4885
10704,16.4962
10709,16.5038
10714,16.4863
10719,16.4688
10724,16.4764
10729,16.484
10734,16.4916
10739,16.4992
10744,16.5068
10749,16.5145
10754,16.5221
10759,16.5297
10764,16.5122
10769,16.5198
10774,16.5023
10779,16.5099
10784,16.5175
10789,16.5
10794,16.4826
10799,16.4653
10804,16.448
10809,16.4555
10814,16.463
10819,16.4706
10824,16.4781
10829,16.4857
10834,16.4932
10839,16.4759
10844,16.4834
10849,16.4662
10854,16.4737
10859,16.4812
10864,16.4887
10869,16.4715
10874,16.479
10879,16.4865
10884,16.494
10889,16.5015
10894,16.509
10899,16.5165
10904,16.524
10909,16.5315
10914,16.5142
10919,16.497
10924,16.4798
10929,16.4873
10934,16.4948
10939,16.5022
10944,16.5097
10949,16.5172
10954,16.5
10959,16.5075
10964,16.4903
10969,16.4978
10974,16.5052
10979,16.5127
10984,16.5201
10989,16.5276
10994,16.535
10999,16.5425
11004,16.5499
11009,16.5574
11014,16.5648
11019,16.5476
11024,16.5551
11029,16.5625
11034,16.5453
11039,16.5527
11044,16.5602
11049,16.543
11054,16.5504
11059,16.5333
11064,16.5163
11069,16.5237
11074,16.5066
11079,16.514
11084,16.5214
11089,16.5288
11094,16.5118
11099,16.5192
11104,16.5022
11109,16.4853
11114,16.4684
11119,16.4758
11124,16.4831
11129,16.4905
11134,16.4978
11139,16.5051
11144,16.5125
11149,16.5198
11154,16.5272
11159,16.5345
11164,16.5419
11169,16.5492
11174,16.5323
11179,16.5154
11184,16.4985
11189,16.5058
11194,16.5132
11199,16.4964
11204,16.5036
11209,16.5109
11214,16.4942
11219,16.5015
11224,16.4847
11229,16.492
11234,16.4993
11239,16.5066
11244,16.4898
11249,16.4971
11254,16.5044
11259,16.5116
11264,16.5189
11269,16.5262
11274,16.5334
11279,16.5167
11284,16.5239
11289,16.5312
11294,16.5385
11299,16.5217
11304,16.529
11309,16.5362
11314,16.5435
11319,16.5507
11324,16.558
11329,16.5652
11334,16.5725
11339,16.5797
11344,16.587
11349,16.5942
11354,16.5774
11359,16.5847
11364,16.5919
11369,16.5751
11374,16.5824
11379,16.5657
11384,16.5729
11389,16.5801
11394,16.5873
11399,16.5468
11404,16.554
11409,16.5612
11414,16.5683
11419,16.5517
11424,16.5352
11429,16.5423
11434,16.5495
11439,16.5567
11444,16.5638
11449,16.571
11454,16.5782
11459,16.5854
11464,16.5925
11469,16.5759
11474,16.5594
11479,16.5665
11484,16.55
11489,16.5571
11494,16.5643
11499,16.5714
11504,16.5786
11509,16.5621
11514,16.5456
11519,16.5527
11524,16.5363
11529,16.5434
11534,16.5505
11539,16.5576
11544,16.5647
11549,16.5718
11554,16.5554
11559,16.5625
11564,16.5696
11569,16.5767
11574,16.5603
11579,16.5439
11584,16.551
11589,16.5581
11594,16.5417
11599,16.5254
11604,16.5325
11609,16.5395
11614,16.5233
11619,16.5303
11624,16.5141
11629,16.5211
11634,16.5282
11639,16.5352
11644,16.519
11649,16.526
11654,16.5331
11659,16.5401
11664,16.5471
11669,16.5541
11674,16.5612
11679,16.5682
11684,16.5752
11689,16.5823
11694,16.566
11699,16.573
11704,16.5336
11709,16.5406
11714,16.5476
11719,16.5315
11724,16.5385
11729,16.5455
11734,16.5524
11739,16.5594
11744,16.5664
11749,16.5734
11754,16.5804
11759,16.5874
11764,16.5712
11769,16.5551
11774,16.5621
11779,16.5229
11784,16.5299
11789,16.5139
11794,16.5208
11799,16.5278
11804,16.5347
11809,16.5417
11814,16.5486
11819,16.5556
11824,16.5166
11829,16.5235
11834,16.5305
11839,16.5145
11844,16.5214
11849,16.5284
11854,16.5124
11859,16.5193
11864,16.5034
11869,16.5103
11874,16.5172
11879,16.5241
11884,16.531
11889,16.5379
11894,16.522
11899,16.5062
11904,16.5131
11909,16.5199
11914,16.5041
11919,16.511
11924,16.5179
11929,16.5247
11934,16.5316
11939,16.5158
11944,16.5226
11949,16.5068
11954,16.5137
11959,16.5205
11964,16.5274
11969,16.5342
11974,16.5411
11979,16.5253
11984,16.5096
11989,16.5164
11994,16.5232
11999,16.5301
12004,16.5369
12009,16.5211
12014,16.528
12019,16.5123
12024,16.4966
12029,16.5034
12034,16.5102
12039,16.517
12044,16.5238
12049,16.5082
12054,16.4925
12059,16.4993
12064,16.5061
12069,16.4905
12074,16.475
12079,16.4817
12084,16.4885
12089,16.4953
12094,16.502
12099,16.5088
12104,16.4932
12109,16.5
12114,16.5068
12119,16.5135
12124,16.498
12129,16.5047
12134,16.5115
12139,16.5182
12144,16.525
12149,16.5317
12154,16.4718
12159,16.4785
12164,16.4631
12169,16.4477
12174,16.4324
12179,16.4391
12184,16.4458
12189,16.4305
12194,16.4152
12199,16.4219
12204,16.4067
12209,16.3697
12214,16.3763
12219,16.383
12224,16.3896
12229,16.3745
12234,16.3811
12239,16.366
12244,16.3727
12249,16.3793
12254,16.3642
12259,16.3492
12264,16.3558
12269,16.3624
12274,16.3474
12279,16.354
12284,16.3606
12289,16.3672
12294,16.3522
12299,16.3373
12304,16.3439
12309,16.3289
12314,16.3141
12319,16.2992
12324,16.3058
12329,16.291
12334,16.2975
12339,16.2827
12344,16.268
12349,16.2745
12354,16.2386
12359,16.2451
12364,16.2516
12369,16.2581
12374,16.2647
12379,16.2712
12384,16.2777
12389,16.2842
12394,16.2907
12399,16.2973
12404,16.2826
12409,16.2891
12414,16.2956
12419,16.2809
12424,16.2874
12429,16.2939
12434,16.3004
12439,16.3069
12444,16.3134
12449,16.3199
12454,16.3264
12459,16.3329
12464,16.3394
12469,16.3459
12474,16.3312
12479,16.3377
12484,16.3442
12489,16.3294
12494,16.3359
12499,16.3424
12504,16.3277
12509,16.3342
12514,16.3407
12519,16.326
12524,16.3114
12529,16.3178
12534,16.3032
12539,16.3097
12544,16.3161
12549,16.3226
12554,16.308
12559,16.3144
12564,16.3209
12569,16.3273
12574,16.3338
12579,16.3402
12584,16.3466
12589,16.3531
12594,16.3595
12599,16.366
12604,16.3514
12609,16.3578
12614,16.3642
12619,16.3707
12624,16.3771
12629,16.3835
12634,16.39
12639,16.3543
12644,16.3607
12649,16.3671
12654,16.3526
12659,16.338
12664,16.3235
12669,16.2883
12674,16.2946
12679,16.301
12684,16.3074
12689,16.3138
12694,16.3202
12699,16.3265
12704,16.3329
12709,16.3393
12714,16.3457
12719,16.352
12724,16.3584
12729,16.3439
12734,16.3295
12739,16.3359
12744,16.3215
12749,16.3278
12754,16.3135
12759,16.3198
12764,16.3054
12769,16.2911
12774,16.2975
12779,16.3038
12784,16.3101
12789,16.3165
12794,16.3228
12799,16.3291
12804,16.3354
12809,16.3418
12814,16.3481
12819,16.3544
12824,16.3608
12829,16.3671
12834,16.3734
12839,16.359
12844,16.3654
12849,16.3717
12854,16.378
12859,16.3636
12869,16.3556
12874,16.3619
12879,16.3682
12884,16.3745
12889,16.3808
12894,16.3871
12899,16.3934
12909,16.4061
12914,16.4124
12919,16.4187
12924,16.425
12929,16.4106
12934,16.4169
12939,16.4232
12944,16.4295
12949,16.4358
12954,16.4421
12959,16.4484
12964,16.4547
12969,16.461
12974,16.4465
12979,16.4528
12984,16.4591
12989,16.4035
12994,16.3892
12999,16.3955
13004,16.3608
13009,16.367
13014,16.3733
13019,16.3795
13024,16.3653
13029,16.3512
13034,16.3371
13039,16.3433
13044,16.3495
13049,16.3557
13054,16.3619
13059,16.3682
13064,16.3744
13069,16.3806
13074,16.3868
13079,16.3727
13084,16.3586
13089,16.3648
13094,16.3304
13099,16.3366
13104,16.3226
13109,16.3288
13114,16.335
13119,16.3412
13124,16.3473
13129,16.3535
13134,16.3597
13139,16.3457
13144,16.3519
13149,16.358
13154,16.3642
13159,16.3704
13164,16.3765
13169,16.3827
13174,16.3889
13179,16.3951
13184,16.4012
13189,16.367
13194,16.3732
13199,16.3793
13204,16.3855
13209,16.3715
13214,16.3776
13219,16.3838
13224,16.3899
13229,16.3961
13234,16.362
13239,16.3681
13244,16.3742
13249,16.3603
13254,16.3464
13259,16.3325
13264,16.3386
13269,16.3049
13274,16.311
13279,16.3171
13284,16.3232
13289,16.3293
13294,16.3155
13299,16.2819
13304,16.288
13309,16.294
13314,16.3001
13319,16.3062
13324,16.3123
13329,16.2985
13334,16.3046
13339,16.3107
13344,16.3167
13349,16.303
13354,16.3091
13359,16.3152
13364,16.3212
13369,16.3273
13374,16.3136
13379,16.3196
13384,16.3059
13389,16.2726
13394,16.2395
13399,16.2455
13404,16.2515
13409,16.2575
13414,16.244
13419,16.25
13424,16.217
13429,16.223
13434,16.229
13439,16.235
13444,16.2216
13449,16.2081
13454,16.2141
13459,16.2007
13464,16.2067
13469,16.2127
13474,16.2186
13479,16.2246
13484,16.2306
13489,16.2366
13494,16.2425
13499,16.2485
13504,16.2545
13509,16.2411
13514,16.247
13519,16.253
13524,16.2589
13529,16.2455
13534,16.2515
13539,16.2574
13544,16.2634
13549,16.25
13554,16.256
13559,16.2426
13564,16.2485
13569,16.2545
13574,16.2604
13579,16.2278
13584,16.2145
13589,16.2012
13594,16.2071
13599,16.1747
13604,16.1806
13609,16.1865
13614,16.1543
13619,16.1602
13624,16.1471
13629,16.1529
13634,16.1398
13639,16.1457
13644,16.1516
13649,16.1575
13654,16.1444
13659,16.1502
13664,16.1372
13669,16.143
13674,16.13
13679,16.117
13684,16.1228
13689,16.1287
13694,16.1345
13699,16.1215
13704,16.1273
13709,16.1332
13714,16.1202
13719,16.126
13724,16.1319
13729,16.1377
13734,16.1435
13739,16.1494
13744,16.1364
13749,16.1422
13759,16.135
13764,16.1409
13769,16.1092
13774,16.0963
13779,16.1021
13784,16.0892
13789,16.095
13794,16.1008
13799,16.088
13804,16.0938
13809,16.0995
13814,16.1053
13819,16.1111
13824,16.1169
13829,16.1227
13834,16.1285
13839,16.1343
13844,16.1214
13849,16.1272
13854,16.1329
13859,16.1387
13864,16.1445
13869,16.1503
13874,16.1561
13879,16.1432
13884,16.1303
13889,16.1361
13894,16.1047
13899,16.1105
13904,16.1162
13909,16.122
13914,16.1092
13919,16.0964
13924,16.1022
13929,16.1079
13934,16.1137
13939,16.1194
13944,16.0882
13949,16.0939
13954,16.0997
13959,16.087
13964,16.0927
13969,16.0984
13974,16.1041
13979,16.1098
13984,16.0971
13989,16.1029
13994,16.0902
13999,16.0959
14004,16.0832
14009,16.0889
14014,16.0763
14019,16.082
14024,16.0877
14029,16.0934
14034,16.0808
14039,16.0865
14044,16.0922
14049,16.0613
14054,16.0488
14059,16.0362
14064,16.0238
14069,16.0294
14074,16.0351
14079,16.0407
14084,16.0464
14089,16.0339
14094,16.0214
14099,16.0271
14104,16.0327
14109,16.0384
14114,16.044
14119,16.0497
14124,16.0553
14129,16.0609
14134,16.0666
14139,16.0722
14144,16.0598
14149,16.0473
14154,16.0529
14159,16.0405
14164,16.0101
14169,16.0157
14174,16.0034
14179,16.009
14184,16.0146
14189,16.0202
14194,16.0258
14199,16.0314
14204,16.037
14209,16.0426
14214,16.0482
14219,16.0358
14224,16.0414
14229,16.047
14234,16.0347
14239,16.0403
14244,16.0459
14249,16.0515
14254,16.057
14259,16.0447
14264,16.0503
14269,16.0559
14274,16.0615
14279,16.067
14284,16.0726
14289,16.0603
14294,16.0479
14299,16.0535
14304,16.0591
14309,16.0647
14314,16.0702
14319,16.0758
14324,16.0814
14329,16.087
14334,16.0925
14339,16.0981
14344,16.1037
14349,16.1093
14354,16.0969
14359,16.1024
14364,16.108
14369,16.1136
14374,16.1192
14379,16.1247
14384,16.1123
14389,16.1179
14394,16.1056
14399,16.1111
14404,16.1167
14409,16.1222
14414,16.1278
14419,16.1333
14424,16.1389
14429,16.1444
14434,16.1321
14439,16.1376
14444,16.1253
14449,16.113
14454,16.1185
14459,16.124
14464,16.1296
14469,16.1351
14474,16.1406
14479,16.1462
14484,16.1517
14489,16.1573
14494,16.1449
14499,16.1504
14504,16.156
14509,16.1436
14514,16.1492
14519,16.1547
14524,16.1602
14529,16.1657
14534,16.1713
14539,16.1768
14544,16.1645
14549,16.17
14554,16.1755
14559,16.181
14564,16.1687
14569,16.1386
14574,16.1441
14579,16.1142
14584,16.1196
14589,16.1251
14594,16.1306
14599,16.1361
14604,16.1416
14609,16.1294
14614,16.1349
14619,16.1404
14624,16.1458
14629,16.1336
14634,16.1214
14639,16.1269
14644,16.1324
14649,16.1379
14654,16.1433
14659,16.1311
14664,16.119
14669,16.1245
14674,16.1299
14679,16.1354
14684,16.1232
14689,16.1287
14694,16.1166
14699,16.0695
14704,16.0575
14709,16.0629
14714,16.0683
14719,16.039
14724,16.0444
14729,16.0498
14734,16.0552
14739,16.0606
14744,16.066
14749,16.0714
14754,16.0768
14759,16.0823
14764,16.0877
14769,16.0757
14774,16.0811
14779,16.0865
14784,16.0919
14789,16.0973
14794,16.1027
14799,16.1081
14804,16.1135
14809,16.1189
14814,16.1243
14819,16.1123
14824,16.1177
14829,16.1231
14834,16.1111
14839,16.1165
14844,16.1045
14849,16.1099
14854,16.1153
14859,16.1207
14864,16.1261
14869,16.1315
14874,16.1369
14879,16.1249
14884,16.1302
14889,16.1356
14894,16.1237
14899,16.1117
14904,16.1171
14909,16.1052
14914,16.0932
14919,16.0986
14924,16.0867
14929,16.0921
14934,16.0974
14939,16.1028
14944,16.1081
14949,16.1135
14954,16.1188
14959,16.1242
14964,16.1296
14969,16.1176
14974,16.123
14979,16.1283
14984,16.1337
14989,16.1218
14999,16.1153
15004,16.1206
15009,16.1259
15014,16.1313
15019,16.1366
15024,16.1247
15029,16.1301
15034,16.1354
15039,16.1235
15044,16.1289
15049,16.1342
15054,16.1395
15059,16.1448
15064,16.1502
15069,16.1555
15074,16.1436
15079,16.1489
15084,16.1543
15089,16.1596
15094,16.1649
15099,16.153
15104,16.1583
15109,16.1637
15114,16.169
15119,16.1743
15124,16.1796
15129,16.1849
15134,16.173
15139,16.1783
15144,16.1837
15149,16.189
15154,16.1943
15159,16.1996
15164,16.2049
15169,16.2102
15174,16.1983
15179,16.2036
15184,16.1917
15189,16.197
15194,16.2023
15199,16.2076
15204,16.1958
15209,16.2011
15214,16.2063
15219,16.2116
15224,16.1998
15229,16.2051
15234,16.2104
15239,16.1985
15244,16.1697
15249,16.1749
15254,16.1632
15259,16.1514
15264,16.1567
15269,16.1619
15274,16.1672
15279,16.1725
15284,16.1777
15289,16.183
15294,16.1882
15299,16.1935
15304,16.1987
15309,16.204
15314,16.1922
15319,16.1975
15324,16.2027
15329,16.208
15334,16.2132
15339,16.2015
15344,16.2067
15349,16.212
15354,16.2172
15359,16.2225
15364,16.2107
15369,16.2159
15374,16.2042
15379,16.2094
15384,16.1977
15389,16.186
15394,16.1743
15399,16.1627
15404,16.1342
15409,16.1227
15414,16.1279
15419,16.1331
15424,16.1383
15429,16.1435
15434,16.1486
15439,16.1538
15444,16.1423
15449,16.1475
15454,16.1526
15459,16.1411
15464,16.1295
15469,16.118
15474,16.1065
15479,16.1117
15484,16.1169
15489,16.122
15494,16.1105
15499,16.0991
15504,16.0876
15509,16.0928
15514,16.0979
15519,16.0865
15524,16.0917
15529,16.0968
15534,16.0689
15539,16.074
15544,16.0626
15549,16.0678
15554,16.0564
15559,16.0615
15564,16.0502
15569,16.0389
15574,16.044
15579,16.0491
15584,16.0542
15589,16.0594
15594,16.0645
15599,16.0696
15604,16.0747
15609,16.0798
15614,16.085
15619,16.0901
15624,16.0952
15629,16.1003
15634,16.1054
15639,16.0776
15644,16.0827
15649,16.0714
15654,16.0601
15659,16.0652
15664,16.0703
15669,16.0754
15674,16.0805
15679,16.0856
15684,16.0743
15689,16.0794
15694,16.0845
15699,16.0896
15704,16.0947
15709,16.0834
15714,16.0396
15719,16.0284
15724,16.0172
15729,15.9899
15734,15.9949
15739,16
15744,15.9728
15749,15.9457
15754,15.9347
15759,15.9397
15764,15.9447
15769,15.9337
15774,15.9388
15779,15.9438
15784,15.9328
15789,15.9378
15794,15.9428
15799,15.9478
15804,15.9529
15809,15.9579
15814,15.9629
15819,15.9679
15824,15.9729
15829,15.9779
15834,15.9829
15839,15.988
15844,15.961
15849,15.9341
15854,15.9391
15859,15.9281
15864,15.9172
15874,15.9114
15879,15.9163
15884,15.9213
15889,15.9263
15894,15.9154
15899,15.8888
15904,15.8937
15909,15.8987
15914,15.9037
15919,15.8771
15924,15.8821
15929,15.8713
15934,15.8762
15939,15.8812
15944,15.8861
15949,15.8911
15954,15.8803
15959,15.8853
15964,15.8902
15969,15.8952
15974,15.9001
15979,15.905
15984,15.91
15989,15.9149
15994,15.9199
15999,15.9248
16004,15.914
16009,15.9033
16014,15.8456
16019,15.835
16024,15.8399
16029,15.8448
16034,15.8497
16039,15.8235
16044,15.8284
16049,15.8333
16059,15.8431
16064,15.848
16069,15.8374
16074,15.8423
16079,15.8472
16084,15.8521
16089,15.857
16094,15.8154
16099,15.8203
16104,15.7943
16109,15.7992
16114,15.8041
16119,15.7936
16124,15.7984
16129,15.8033
16134,15.7928
16139,15.7823
16144,15.7718
16149,15.7767
16154,15.7816
16159,15.7864
16164,15.7759
16169,15.7808
16174,15.7551
16179,15.7599
16184,15.7495
16189,15.7544
16194,15.7592
16199,15.7488
16204,15.7536
16209,15.7585
16214,15.7329
16219,15.7074
16224,15.7122
16229,15.717
16234,15.7067
16239,15.7115
16244,15.7012
16249,15.691
16254,15.6958
16259,15.7006
16264,15.6903
16269,15.6801
16274,15.6699
16279,15.6597
16284,15.6495
16289,15.6543
16294,15.659
16299,15.6489
16304,15.6536
16309,15.6584
16314,15.6632
16319,15.6381
16324,15.628
16329,15.6327
16334,15.6226
16339,15.6274
16344,15.6173
16349,15.622
16354,15.6268
16359,15.6167
16364,15.6066
16369,15.6114
16374,15.6013
16379,15.6061
16384,15.6108
16389,15.586
16394,15.5907
16399,15.5955
16404,15.6002
16409,15.5902
16414,15.5949
16419,15.5849
16424,15.5896
16429,15.5943
16434,15.5991
16439,15.5891
16444,15.5938
16449,15.5985
16454,15.5885
16459,15.5932
16464,15.5979
16469,15.6026
16474,15.6073
16479,15.6121
16484,15.6168
16489,15.6215
16494,15.6262
16499,15.6162
16504,15.6062
16509,15.6109
16514,15.6156
16519,15.6203
16524,15.625
16529,15.6297
16534,15.6197
16539,15.6098
16544,15.6144
16549,15.6045
16554,15.6092
16559,15.6139
16564,15.6039
16569,15.6086
16574,15.5987
16579,15.5888
16584,15.5935
16589,15.5836
16594,15.5882
16599,15.5493
16604,15.554
16609,15.5587
16614,15.5633
16619,15.568
16624,15.5581
16629,15.5628
16634,15.5674
16639,15.5721
16644,15.5767
16649,15.5669
16654,15.5716
16659,15.5762
16664,15.5809
16669,15.5855
16674,15.5757
16679,15.5803
16684,15.585
16689,15.5751
16694,15.5509
16699,15.5412
16704,15.5171
16709,15.5217
16714,15.512
16719,15.5023
16724,15.4784
16729,15.4688
16734,15.445
16739,15.4495
16744,15.4541
16749,15.4445
16754,15.4491
16759,15.4396
16764,15.4441
16769,15.4346
16774,15.425
16779,15.4296
16784,15.4201
16789,15.4247
16794,15.4292
16799,15.4338
16804,15.4243
16809,15.4288
16814,15.4334
16819,15.4239
16824,15.4284
16829,15.4189
16834,15.4235
16839,15.4281
16844,15.4326
16849,15.4372
16854,15.4277
16859,15.4322
16864,15.4368
16869,15.4413
16874,15.4459
16879,15.4504
16884,15.455
16889,15.4174
16894,15.422
16899,15.3986
16904,15.4031
16909,15.3937
16914,15.3982
16919,15.4027
16924,15.4072
16929,15.3839
16934,15.3745
16939,15.3652
16944,15.3559
16949,15.3604
16954,15.351
16959,15.3555
16964,15.36
16969,15.3645
16974,15.369
16979,15.3735
16984,15.378
16989,15.3825
16994,15.387
16999,15.3777
17004,15.3684
17009,15.3729
17014,15.3774
17019,15.3819
17024,15.3863
17029,15.3908
17034,15.3677
17039,15.3447
17044,15.3491
17049,15.3536
17054,15.3307
17059,15.3351
17064,15.3259
17069,15.3167
17074,15.3075
17079,15.3119
17084,15.3028
17089,15.3072
17094,15.3117
17099,15.3161
17104,15.3069
17109,15.3114
17114,15.3158
17119,15.3067
17124,15.2975
17129,15.302
17134,15.2928
17139,15.2837
17144,15.2881
17149,15.2926
17154,15.2834
17159,15.2879
17164,15.2653
17169,15.2697
17174,15.2741
17179,15.2785
17184,15.2829
17189,15.2874
17194,15.2918
17199,15.2827
17204,15.2736
17209,15.2511
17214,15.2555
17219,15.2599
17224,15.2643
17229,15.2687
17234,15.2731
17239,15.2641
17244,15.2685
17249,15.246
17254,15.2504
17259,15.2548
17264,15.2592
17269,15.2636
17274,15.268
17279,15.2724
17284,15.2768
17289,15.2812
17294,15.2856
17299,15.29
17304,15.2944
17309,15.2719
17314,15.2763
17319,15.2539
17324,15.2583
17329,15.2493
17334,15.2537
17339,15.2581
17344,15.2625
17349,15.2668
17354,15.2579
17359,15.2622
17364,15.2533
17369,15.2576
17374,15.2487
17379,15.2531
17384,15.2441
17389,15.2485
17394,15.2395
17399,15.2042
17404,15.2085
17409,15.2129
17414,15.2172
17419,15.2215
17424,15.2259
17429,15.2302
17434,15.2346
17439,15.2389
17444,15.2168
17449,15.2212
17454,15.1991
17459,15.2035
17464,15.2078
17469,15.2121
17474,15.2033
17479,15.2076
17484,15.1988
17489,15.19
17494,15.1943
17499,15.1986
17504,15.2029
17509,15.2073
17514,15.1723
17519,15.1766
17524,15.1809
17529,15.1852
17534,15.1895
17539,15.1938
17544,15.185
17549,15.1893
17554,15.1675
17559,15.1718
17564,15.1761
17569,15.1804
17574,15.1847
17579,15.189
17584,15.1933
17589,15.1845
17594,15.1888
17599,15.1931
17604,15.1974
17609,15.2017
17614,15.206
17619,15.2103
17624,15.2146
17629,15.2189
17634,15.2232
17639,15.2275
17644,15.2318
17649,15.2361
17654,15.2403
17659,15.2446
17664,15.2358
17669,15.214
17674,15.2183
17679,15.2096
17684,15.2139
17689,15.2181
17694,15.2094
17699,15.2137
17704,15.205
17709,15.2092
17714,15.2005
17719,15.2048
17724,15.1961
17729,15.2003
17734,15.2046
17739,15.1959
17744,15.2002
17749,15.1915
17754,15.1957
17759,15.2
17764,15.2043
17769,15.2085
17774,15.174
17779,15.1783
17784,15.1696
17789,15.1739
17794,15.1781
17799,15.1824
17804,15.1866
17809,15.1908
17814,15.1951
17819,15.1864
17824,15.1907
17829,15.1949
17834,15.1863
17839,15.1905
17844,15.1819
17849,15.1733
17854,15.1775
17859,15.1817
17864,15.186
17869,15.1902
17874,15.1944
17879,15.1986
17884,15.1772
17889,15.1814
17894,15.1857
17899,15.1771
17904,15.1685
17909,15.1599
17914,15.1641
17919,15.1684
17924,15.1726
17929,15.1513
17934,15.1427
17939,15.1469
17944,15.1511
17949,15.1553
17954,15.1595
17959,15.1637
17964,15.1552
17969,15.1594
17974,15.1636
17979,15.1678
17984,15.172
17989,15.1762
17994,15.1804
17999,15.1718
18004,15.176
18009,15.1675
18014,15.1717
18019,15.1759
18024,15.1801
18029,15.1843
18034,15.1884
18039,15.1926
18044,15.1841
18049,15.1756
18054,15.1798
18059,15.1713
18069,15.1796
18074,15.1711
18079,15.1753
18084,15.1542
18089,15.1583
18094,15.1625
18099,15.1667
18104,15.1708
18109,15.175
18114,15.1792
18119,15.1833
18129,15.179
18134,15.1832
18139,15.1747
18144,15.1663
18149,15.1704
18154,15.1746
18159,15.1787
18164,15.1829
18169,15.1744
18174,15.1786
18179,15.1827
18184,15.1743
18189,15.1784
18194,15.1826
18199,15.1867
18204,15.1783
18209,15.1824
18214,15.1866
18219,15.1907
18224,15.1823
18229,15.1864
18234,15.1906
18239,15.1947
18244,15.1988
18249,15.203
18254,15.2071
18259,15.2113
18264,15.2028
18269,15.207
18274,15.2111
18279,15.2152
18284,15.2194
18289,15.2235
18294,15.2276
18299,15.2318
18304,15.2359
18309,15.2401
18314,15.2442
18319,15.2483
18324,15.2525
18329,15.2566
18334,15.2608
18339,15.2649
18344,15.269
18349,15.2605
18354,15.2647
18359,15.2688
18364,15.273
18369,15.2771
18374,15.2812
18379,15.2727
18384,15.2769
18389,15.281
18394,15.2851
18399,15.2766
18404,15.2682
18409,15.2471
18414,15.2512
18419,15.2554
18424,15.2469
18429,15.251
18434,15.2551
18439,15.2593
18444,15.2634
18449,15.2675
18454,15.259
18459,15.2506
18464,15.2547
18469,15.2588
18474,15.2629
18479,15.2671
18484,15.2712
18489,15.2627
18494,15.2668
18499,15.2709
18504,15.275
18509,15.2666
18514,15.2707
18519,15.2623
18524,15.2664
18529,15.2705
18534,15.2746
18539,15.2662
18544,15.2703
18549,15.2744
18554,15.2785
18559,15.2826
18564,15.2867
18569,15.2782
18574,15.2823
18579,15.2864
18584,15.278
18589,15.2821
18594,15.2862
18599,15.2903
18604,15.2944
18609,15.2984
18614,15.2776
18619,15.2816
18624,15.2857
18629,15.2898
18634,15.2814
18639,15.2855
18644,15.2896
18649,15.2936
18654,15.2852
18659,15.2893
18664,15.2934
18669,15.2975
18674,15.2891
18679,15.2807
18684,15.2848
18689,15.2889
18694,15.2929
18699,15.297
18704,15.3011
18709,15.3051
18714,15.3092
18719,15.3133
18724,15.3049
18729,15.3089
18734,15.313
18739,15.3046
18744,15.3087
18749,15.3128
18754,15.3168
18759,15.3084
18764,15.2877
18769,15.2917
18774,15.2958
18779,15.2874
18784,15.2915
18789,15.2832
18794,15.2749
18799,15.2789
18804,15.2829
18809,15.287
18814,15.291
18819,15.2951
18824,15.2868
18829,15.2908
18834,15.2825
18839,15.2865
18844,15.2782
18849,15.2823
18854,15.2863
18859,15.2903
18864,15.2944
18869,15.2984
18874,15.3024
18879,15.3065
18884,15.3105
18889,15.3145
18894,15.3185
18899,15.3226
18904,15.3266
18909,15.3306
18914,15.3347
18919,15.3387
18924,15.3427
18929,15.3468
18934,15.3384
18939,15.3425
18944,15.3465
18949,15.3382
18954,15.3422
18959,15.3339
18964,15.3379
18969,15.3296
18974,15.3213
18979,15.3253
18984,15.3293
18989,15.3333
18994,15.3373
18999,15.3414
19004,15.3454
19009,15.3371
19014,15.3411
19019,15.3451
19024,15.3368
19029,15.3408
19034,15.3448
19039,15.3243
19044,15.3283
19049,15.3323
19054,15.3363
19059,15.3403
19064,15.3443
19069,15.3483
19074,15.34
19079,15.344
19084,15.348
19089,15.352
19094,15.356
19099,15.3477
19104,15.3517
19109,15.3435
19114,15.3352
19119,15.327
19124,15.3187
19129,15.3227
19134,15.3267
19139,15.3185
19144,15.3225
19149,15.3264
19154,15.3304
19159,15.3344
19164,15.3384
19169,15.3302
19174,15.3341
19179,15.3381
19184,15.3421
19189,15.3461
19194,15.35
19199,15.3418
19204,15.3458
19209,15.3498
19214,15.3537
19219,15.3577
19224,15.3617
19229,15.3657
19234,15.3696
19239,15.3492
19244,15.3532
19249,15.3571
19254,15.3611
19259,15.3651
19264,15.3569
19269,15.3608
19274,15.3648
19279,15.3688
19284,15.3605
19289,15.3645
19294,15.3685
19299,15.3603
19304,15.3642
19309,15.3682
19314,15.3721
19319,15.3639
19324,15.3679
19329,15.3597
19334,15.3636
19339,15.3676
19344,15.3715
19349,15.3755
19354,15.3794
19359,15.3712
19364,15.3752
19369,15.3791
19374,15.3831
19379,15.3749
19384,15.3788
19389,15.3828
19394,15.3867
19399,15.3907
19404,15.3704
19409,15.3743
19414,15.3783
19419,15.3822
19424,15.3861
19429,15.3901
19434,15.394
19439,15.3858
19444,15.3898
19449,15.3937
19454,15.3855
19459,15.3895
19464,15.3813
19469,15.3852
19474,15.3892
19479,15.3931
19484,15.3849
19489,15.3888
19494,15.3928
19499,15.3967
19504,15.4006
19509,15.3925
19514,15.3843
19519,15.3882
19524,15.3922
19529,15.384
19534,15.3759
19539,15.3798
19544,15.3837
19549,15.3756
19554,15.3675
19559,15.3594
19564,15.3633
19569,15.3672
19574,15.3711
19579,15.375
19584,15.3669
19589,15.3708
19594,15.3747
19599,15.3786
19604,15.3705
19609,15.3744
19614,15.3783
19619,15.3702
19624,15.3741
19629,15.378
19634,15.3819
19639,15.3858
19644,15.3897
19649,15.3936
19654,15.3855
19659,15.3894
19664,15.3933
19669,15.3852
19674,15.3891
19679,15.393
19684,15.3969
19689,15.4008
19694,15.3927
19699,15.3846
19704,15.3766
19709,15.3804
19714,15.3724
19719,15.3643
19724,15.3682
19729,15.3721
19734,15.376
19739,15.3679
19744,15.3718
19749,15.3757
19754,15.3796
19759,15.3715
19764,15.3754
19769,15.3674
19774,15.3712
19779,15.3751
19784,15.379
19789,15.3828
19794,15.3748
19799,15.3787
19804,15.3825
19809,15.3864
19814,15.3903
19819,15.3822
19824,15.3861
19829,15.39
19834,15.3938
19839,15.3977
19844,15.3897
19849,15.3935
19854,15.3974
19859,15.4012
19864,15.3932
19869,15.3971
19874,15.4009
19879,15.4048
19884,15.4086
19889,15.4125
19894,15.4163
19899,15.4202
19904,15.4241
19909,15.4279
19914,15.4318
19919,15.4356
19924,15.4276
19929,15.4314
19934,15.4353
19939,15.4391
19944,15.443
19949,15.4231
19954,15.4269
19959,15.4071
19964,15.4109
19969,15.4029
19974,15.3949
19979,15.3988
19984,15.4026
19989,15.4064
19994,15.4103
19999,15.4141
20004,15.4061
20009,15.41
20014,15.402
20019,15.394
20024,15.3979
20029,15.3899
20034,15.3937
20039,15.3976
20044,15.4014
20049,15.4052
20054,15.409
20059,15.4128
20064,15.4167
20069,15.4205
20074,15.4243
20079,15.4281
20084,15.4084
20089,15.4005
20094,15.4043
20099,15.4081
20104,15.4002
20109,15.404
20114,15.4078
20119,15.4116
20124,15.4154
20129,15.3957
20134,15.3995
20139,15.4033
20144,15.4072
20149,15.3992
20154,15.403
20159,15.4068
20164,15.4106
20169,15.4027
20174,15.4065
20179,15.4103
20184,15.4141
20189,15.4179
20194,15.4217
20199,15.4138
20204,15.4176
20209,15.4214
20214,15.4252
20219,15.429
20224,15.4328
20229,15.4366
20234,15.4287
20239,15.4325
20244,15.4363
20249,15.4401
20254,15.4321
20259,15.4359
20264,15.4397
20269,15.4435
20274,15.4473
20279,15.4394
20284,15.4432
20289,15.447
20294,15.4391
20299,15.4428
20304,15.4466
20309,15.4504
20314,15.4425
20319,15.4463
20324,15.4501
20329,15.4539
20334,15.4576
20339,15.4614
20344,15.4535
20349,15.4456
20354,15.4494
20359,15.4532
20364,15.4569
20369,15.4491
20374,15.4412
20379,15.4449
20384,15.4371
20389,15.4408
20394,15.4446
20399,15.4484
20404,15.4405
20409,15.4443
20414,15.448
20419,15.4518
20424,15.4556
20429,15.4477
20434,15.4398
20439,15.4436
20444,15.4474
20449,15.4511
20454,15.4549
20459,15.4586
20464,15.4624
20469,15.4662
20474,15.4699
20479,15.4737
20484,15.4774
20489,15.4812
20494,15.485
20499,15.4887
20504,15.4925
20509,15.4962
20514,15.4884
20519,15.4805
20524,15.4726
20529,15.4648
20534,15.4685
20539,15.4723
20544,15.476
20549,15.4798
20554,15.4719
20559,15.4757
20564,15.4794
20569,15.4831
20574,15.4869
20579,15.4906
20584,15.4828
20589,15.4403
20594,15.4325
20599,15.4362
20604,15.44
20609,15.4437
20614,15.4474
20619,15.4396
20624,15.4434
20629,15.4356
20634,15.4393
20639,15.443
20644,15.4353
20649,15.4275
20654,15.4198
20659,15.412
20664,15.4043
20669,15.408
20674,15.4117
20679,15.4154
20684,15.4077
20689,15.4114
20694,15.4151
20699,15.4074
20704,15.4111
20709,15.4148
20714,15.4185
20719,15.4222
20724,15.4259
20729,15.4296
20734,15.4333
20739,15.437
20744,15.4407
20749,15.4444
20754,15.4481
20759,15.4519
20764,15.4327
20769,15.4364
20774,15.4401
20779,15.4438
20784,15.4475
20789,15.4512
20794,15.4549
20799,15.4586
20804,15.4623
20809,15.466
20814,15.4697
20819,15.4734
20824,15.4656
20829,15.4693
20834,15.4616
20839,15.4653
20844,15.469
20849,15.4727
20854,15.4764
20859,15.4801
20864,15.4838
20869,15.4874
20874,15.4911
20879,15.4948
20884,15.4985
20889,15.5022
20894,15.483
20899,15.4753
20904,15.4676
20909,15.4713
20914,15.475
20919,15.4673
20924,15.4709
20929,15.4746
20934,15.4783
20939,15.482
20944,15.4857
20949,15.4893
20954,15.493
20959,15.4967
20964,15.5004
20969,15.504
20974,15.5077
20979,15.5114
20984,15.5151
20989,15.496
20994,15.4996
20999,15.5033
21004,15.507
21009,15.4879
21014,15.4916
21019,15.4839
21024,15.4762
21029,15.4685
21034,15.4609
21039,15.4645
21044,15.4569
21049,15.4605
21054,15.4529
21059,15.4453
21064,15.4489
21069,15.4526
21074,15.4449
21079,15.4261
21084,15.4297
21089,15.4334
21094,15.437
21099,15.4406
21104,15.4443
21109,15.4479
21114,15.4516
21119,15.4552
21124,15.4476
21129,15.4512
21134,15.4549
21139,15.4585
21144,15.4622
21149,15.4658
21154,15.4694
21159,15.4731
21164,15.4767
21169,15.4691
21174,15.4615
21184,15.4239
21189,15.4275
21194,15.42
21199,15.4236
21204,15.4272
21209,15.4308
21214,15.4233
21219,15.4269
21224,15.4305
21229,15.4342
21234,15.4266
21239,15.4302
21244,15.4338
21249,15.4152
21254,15.4076
21259,15.4113
21264,15.4149
21269,15.4185
21274,15.4221
21279,15.4257
21284,15.4182
21289,15.4218
21294,15.4143
21299,15.4068
21304,15.4104
21309,15.414
21314,15.4176
21319,15.4101
21324,15.4137
21329,15.4173
21334,15.4098
21339,15.4134
21344,15.417
21349,15.4095
21354,15.4131
21359,15.4167
21364,15.4203
21369,15.4017
21374,15.4053
21379,15.4089
21384,15.4125
21389,15.4161
21394,15.3976
21399,15.3901
21404,15.3827
21409,15.3863
21414,15.3788
21419,15.3714
21424,15.375
21429,15.3786
21434,15.3821
21439,15.3638
21444,15.3673
21449,15.3599
21454,15.3635
21459,15.3671
21464,15.3378
21469,15.3196
21474,15.3232
21479,15.3267
21484,15.3194
21489,15.3229
21494,15.3265
21499,15.33
21504,15.3227
21509,15.3262
21514,15.3298
21519,15.3333
21524,15.3369
21529,15.3296
21534,15.3331
21539,15.3366
21544,15.3402
21549,15.3329
21554,15.3255
21559,15.3291
21564,15.3326
21569,15.3362
21574,15.3397
21579,15.3432
21584,15.3468
21589,15.3395
21594,15.343
21599,15.3357
21604,15.3392
21609,15.3428
21614,15.3463
21619,15.3498
21624,15.3534
21629,15.346
21634,15.3387
21639,15.3423
21644,15.3458
21649,15.3385
21654,15.342
21659,15.3456
21664,15.3491
21669,15.3202
21674,15.3237
21679,15.3272
21684,15.3308
21689,15.3235
21694,15.3055
21699,15.309
21704,15.3125
21709,15.316
21714,15.3195
21719,15.3015
21724,15.305
21729,15.3086
21734,15.3121
21739,15.3048
21744,15.2976
21749,15.3011
21754,15.3046
21759,15.3081
21764,15.3009
21769,15.3044
21774,15.3079
21779,15.3114
21784,15.3149
21789,15.3077
21794,15.3005
21799,15.2933
21804,15.2968
21809,15.3003
21814,15.3038
21819,15.3073
21824,15.3108
21829,15.3036
21834,15.307
21839,15.2999
21844,15.3033
21849,15.2962
21854,15.2997
21859,15.3031
21864,15.296
21869,15.2994
21874,15.3029
21879,15.2958
21884,15.2992
21889,15.3027
21894,15.2955
21899,15.299
21904,15.3025
21909,15.306
21914,15.3095
21919,15.3023
21924,15.3058
21929,15.3092
21934,15.3127
21939,15.3056
21944,15.309
21949,15.3019
21954,15.3053
21959,15.3088
21964,15.3017
21969,15.3051
21974,15.298
21979,15.3015
21984,15.3049
21989,15.3084
21994,15.3119
21999,15.3153
22004,15.3188
22009,15.3222
22014,15.3257
22019,15.3292
22024,15.322
22029,15.3255
22034,15.3289
22039,15.3324
22044,15.3359
22049,15.3393
22054,15.3428
22059,15.3356
22064,15.3391
22069,15.332
22074,15.3248
22079,15.3283
22084,15.3317
22089,15.3352
22094,15.3386
22099,15.3421
22104,15.3349
22109,15.3384
22114,15.3419
22119,15.3347
22124,15.317
22129,15.3205
22134,15.3239
22139,15.3274
22144,15.3308
22149,15.3131
22154,15.3061
22159,15.299
22164,15.3024
22169,15.2953
22174,15.2883
22179,15.2917
22184,15.2846
22189,15.2881
22194,15.2915
22199,15.2949
22204,15.2984
22209,15.3018
22214,15.2842
22219,15.2877
22224,15.2806
22229,15.2841
22234,15.2875
22239,15.2909
22244,15.2943
22249,15.2977
22254,15.3012
22259,15.2941
22264,15.2871
22269,15.2801
22274,15.2835
22279,15.2869
22284,15.2903
22289,15.2937
22294,15.2971
22299,15.3005
22304,15.304
22309,15.2969
22314,15.2795
22319,15.2829
22324,15.2863
22329,15.2897
22334,15.2931
22339,15.2861
22344,15.2895
22349,15.2825
22354,15.2651
22359,15.2685
22364,15.2719
22369,15.2649
22374,15.2683
22379,15.2717
22384,15.2751
22389,15.2785
22394,15.2819
22399,15.2853
22404,15.2783
22409,15.2817
22414,15.2748
22419,15.2782
22424,15.2815
22429,15.2849
22434,15.2883
22439,15.2917
22444,15.2847
22449,15.2778
22454,15.2708
22459,15.2639
22469,15.2603
22474,15.2637
22479,15.2671
22484,15.2705
22489,15.2635
22494,15.2669
22499,15.2703
22504,15.2736
22509,15.2667
22514,15.2701
22519,15.2735
22524,15.2665
22529,15.2493
22534,15.2527
22539,15.2355
22544,15.2389
22549,15.2423
22554,15.2456
22559,15.249
22564,15.2421
22569,15.2455
22574,15.2488
22579,15.2522
22584,15.2453
22589,15.2487
22594,15.252
22599,15.2554
22604,15.2587
22609,15.2518
22614,15.2552
22619,15.2586
22624,15.2619
22629,15.2653
22634,15.2686
22639,15.272
22644,15.2754
22649,15.2787
22654,15.2718
22659,15.2752
22664,15.2683
22669,15.2716
22674,15.275
22679,15.2783
22684,15.2817
22689,15.2748
22694,15.2679
22699,15.2713
22704,15.2644
22709,15.2677
22714,15.2609
22719,15.2642
22724,15.2676
22729,15.2709
22734,15.2742
22744,15.2707
22749,15.2741
22754,15.2774
22759,15.2705
22764,15.2637
22769,15.267
22774,15.2602
22779,15.2533
22784,15.2567
22789,15.2498
22794,15.2532
22799,15.2565
22804,15.2598
22809,15.253
22814,15.2563
22819,15.2495
22824,15.2528
22829,15.246
22834,15.2493
22839,15.2527
22844,15.256
22849,15.2593
22854,15.2626
22859,15.266
22864,15.2693
22869,15.2726
22874,15.2759
22879,15.2691
22884,15.2522
22889,15.2454
22894,15.2487
22899,15.252
22904,15.2452
22909,15.2485
22914,15.2518
22919,15.245
22924,15.2483
22929,15.2416
22934,15.2449
22939,15.2381
22944,15.2414
22949,15.2346
22954,15.2379
22959,15.2412
22964,15.2445
22969,15.2378
22974,15.231
22979,15.2343
22984,15.2376
22989,15.2409
22994,15.2342
22999,15.2274
23004,15.2307
23009,15.234
23014,15.2373
23019,15.2406
23024,15.2439
23029,15.2372
23034,15.2304
23039,15.2337
23044,15.237
23049,15.2403
23054,15.2436
23059,15.2268
23064,15.2301
23069,15.2334
23074,15.2267
23079,15.23
23084,15.2332
23089,15.2066
23094,15.2098
23099,15.2031
23104,15.2064
23109,15.2097
23114,15.213
23119,15.2163
23124,15.2195
23129,15.2228
23134,15.2261
23139,15.2294
23144,15.2326
23149,15.2359
23154,15.2392
23159,15.2425
23164,15.2457
23169,15.2291
23174,15.2323
23179,15.2356
23184,15.2389
23189,15.2123
23194,15.2056
23199,15.199
23204,15.2022
23209,15.2055
23214,15.2087
23219,15.212
23224,15.2153
23229,15.2086
23234,15.2119
23239,15.1756
23244,15.1788
23249,15.1722
23254,15.1754
23259,15.1787
23264,15.1721
23269,15.1753
23274,15.1786
23279,15.172
23284,15.1654
23289,15.1686
23294,15.1719
23299,15.1751
23304,15.1783
23309,15.1816
23314,15.1848
23319,15.1881
23324,15.1913
23329,15.1946
23334,15.1879
23339,15.1813
23344,15.1846
23349,15.1878
23354,15.1911
23359,15.1943
23364,15.1975
23369,15.1909
23374,15.1843
23379,15.1778
23384,15.1712
23389,15.1744
23394,15.1679
23399,15.1613
23404,15.1645
23409,15.158
23414,15.1417
23419,15.1351
23424,15.1384
23429,15.1416
23434,15.135
23439,15.1285
23444,15.1317
23449,15.135
23454,15.1382
23459,15.1414
23464,15.1349
23469,15.1284
23474,15.1316
23479,15.1348
23484,15.138
23489,15.1412
23494,15.1444
23499,15.1476
23504,15.1314
23509,15.1346
23514,15.1378
23519,15.1313
23524,15.1248
23529,15.1184
23534,15.1022
23539,15.0958
23544,15.0893
23549,15.0925
23554,15.0957
23559,15.0989
23564,15.1021
23569,15.1053
23574,15.1085
23579,15.102
23584,15.1052
23589,15.1084
23594,15.1116
23599,15.1148
23604,15.118
23609,15.1019
23614,15.0955
23619,15.0987
23624,15.1018
23629,15.0858
23634,15.089
23639,15.0922
23644,15.0954
23649,15.0985
23654,15.0921
23659,15.0953
23664,15.0985
23669,15.1017
23674,15.1048
23679,15.108
23684,15.1112
23689,15.1144
23694,15.1175
23699,15.1207
23704,15.1239
23709,15.1271
23714,15.1302
23719,15.1334
23724,15.1366
23729,15.1398
23734,15.1429
23739,15.1461
23744,15.1493
23749,15.1525
23754,15.146
23759,15.1492
23764,15.1428
23769,15.1459
23774,15.1491
23779,15.1331
23784,15.1267
23789,15.1298
23794,15.133
23799,15.1362
23804,15.1393
23809,15.1425
23814,15.1361
23819,15.1392
23824,15.1328
23829,15.136
23834,15.1392
23839,15.1423
23844,15.1455
23849,15.1486
23854,15.1327
23859,15.1167
23864,15.1199
23869,15.123
23874,15.1262
23879,15.1293
23884,15.1325
23889,15.1356
23894,15.1388
23899,15.1324
23904,15.1165
23909,15.0911
23914,15.0848
23919,15.0785
23924,15.0816
23929,15.0847
23934,15.0879
23939,15.091
23944,15.0847
23949,15.0878
23954,15.0815
23959,15.0563
23964,15.0594
23969,15.0626
23974,15.0563
23979,15.0594
23984,15.0531
23989,15.0468
23994,15.0406
23999,15.0343
24004,15.0281
24009,15.0312
24014,15.0343
24019,15.028
24024,15.0312
24029,15.0249
24034,15.028
24039,15.0311
24044,15.0342
24049,15.0374
24054,15.0405
24059,15.0436
24064,15.0467
24069,15.0498
24074,15.0529
24079,15.056
24084,15.0498
24089,15.0342
24094,15.0373
24099,15.0311
24104,15.0342
24109,15.0279
24114,15.0124
24119,14.9969
24124,15
24129,15.0031
24134,14.9969
24139,15
24144,15.0031
24149,15.0062
24154,15.0093
24159,15.0124
24164,15.0062
24169,14.9907
24174,14.9938
24179,14.9969
24184,14.9815
24189,14.9753
24194,14.9692
24199,14.9723
24204,14.9661
24209,14.9692
24214,14.9723
24219,14.9662
24224,14.9692
24229,14.9631
24234,14.9662
24239,14.96
24244,14.9631
24249,14.9662
24254,14.9693
24259,14.9631
24264,14.9662
24269,14.9693
24274,14.9724
24279,14.9662
24284,14.9693
24289,14.9632
24294,14.9663
24299,14.9693
24304,14.9449
24309,14.9479
24314,14.951
24319,14.9541
24324,14.9571
24329,14.951
24334,14.9358
24339,14.9206
24344,14.9146
24349,14.9085
24354,14.9116
24359,14.9146
24364,14.9086
24369,14.9026
24374,14.8965
24379,14.8996
24384,14.9026
24389,14.9057
24394,14.9087
24399,14.9117
24404,14.9148
24409,14.9088
24414,14.9118
24419,14.9058
24424,14.8998
24429,14.8847
24434,14.8877
24439,14.8727
24444,14.8667
24449,14.8608
24454,14.8548
24459,14.8578
24464,14.8609
24469,14.8639
24474,14.8669
24479,14.8699
24484,14.873
24489,14.867
24494,14.87
24499,14.864
24504,14.8581
24509,14.8432
24514,14.8462
24519,14.8492
24524,14.8433
24529,14.8373
24534,14.8314
24539,14.8255
24544,14.8196
24549,14.8137
24554,14.8167
24559,14.8197
24564,14.8227
24569,14.8257
24574,14.8109
24579,14.8139
24584,14.808
24589,14.8022
24594,14.8052
24599,14.8082
24604,14.8023
24609,14.8053
24614,14.7905
24619,14.7935
24624,14.7965
24629,14.7995
24634,14.8025
24639,14.7967
24644,14.7996
24649,14.8026
24654,14.7968
24659,14.7909
24664,14.7939
24669,14.7881
24674,14.791
24679,14.7852
24684,14.7882
24689,14.7823
24694,14.7765
24699,14.7707
24704,14.7737
24709,14.7767
24714,14.7796
24719,14.7738
24724,14.7592
24729,14.7447
24734,14.7389
24739,14.7331
24744,14.7361
24749,14.739
24754,14.742
24759,14.745
24764,14.7479
24769,14.7334
24774,14.7364
24779,14.7306
24784,14.7336
24789,14.7278
24794,14.7134
24799,14.7163
24804,14.7193
24809,14.7135
24814,14.7165
24819,14.7107
24824,14.7137
24829,14.7166
24834,14.7109
24839,14.7052
24844,14.6908
24849,14.6938
24854,14.6881
24859,14.691
24864,14.6853
24869,14.6624
24874,14.6567
24879,14.6596
24884,14.6626
24889,14.6483
24894,14.6426
24899,14.6284
24904,14.6228
24909,14.6172
24914,14.6116
24919,14.606
24924,14.6004
24929,14.6033
24934,14.5977
24939,14.5836
24944,14.5865
24949,14.5724
24954,14.5669
24959,14.5698
24964,14.5727
24969,14.5756
24974,14.57
24979,14.5729
24984,14.5758
24989,14.5703
24994,14.5647
24999,14.5676
25004,14.5705
25009,14.565
25014,14.5679
25019,14.5708
25024,14.5737
25029,14.5766
25034,14.571
25039,14.5739
25044,14.5599
25049,14.5628
25054,14.5657
25059,14.5686
25064,14.5547
25069,14.5575
25074,14.5604
25079,14.5549
25084,14.5578
25089,14.5523
25094,14.5468
25099,14.5497
25104,14.5441
25109,14.547
25114,14.5499
25119,14.5528
25124,14.5557
25129,14.5586
25134,14.5447
25139,14.5476
25144,14.5421
25149,14.5282
25154,14.5311
25159,14.5339
25164,14.5118
25169,14.5146
25174,14.5175
25179,14.5121
25184,14.5066
25189,14.5095
25194,14.5123
25199,14.5152
25204,14.5097
25209,14.5126
25214,14.5155
25219,14.5017
25224,14.5046
25229,14.5074
25234,14.4854
25239,14.48
25244,14.4829
25249,14.4857
25254,14.4886
25259,14.4832
25264,14.486
25269,14.4889
25274,14.4917
25279,14.4698
25284,14.4726
25289,14.4755
25294,14.4783
25299,14.4647
25304,14.4675
25309,14.4622
25314,14.4568
25319,14.4596
25324,14.4542
25329,14.4571
25334,14.4599
25339,14.4545
25344,14.4492
25349,14.452
25354,14.4549
25359,14.4495
25364,14.4441
25369,14.447
25374,14.4416
25379,14.4444
25384,14.4473
25389,14.4419
25394,14.4366
25399,14.4394
25404,14.4341
25409,14.4124
25414,14.4153
25419,14.4181
25424,14.4209
25429,14.4074
25434,14.3859
25439,14.3887
25444,14.3754
25449,14.3701
25454,14.3729
25459,14.3757
25464,14.3785
25469,14.3652
25474,14.3599
25479,14.3547
25484,14.3414
25489,14.3442
25494,14.347
25499,14.3337
25504,14.3285
25509,14.3233
25514,14.3181
25519,14.3208
25524,14.3076
25529,14.3104
25534,14.2893
25539,14.2841
25544,14.279
25549,14.2659
25554,14.2528
25559,14.2476
25564,14.2504
25569,14.2453
25574,14.2481
25579,14.2429
25584,14.2457
25589,14.2485
25594,14.2512
25599,14.2303
25604,14.2252
25609,14.2123
25614,14.215
25619,14.2021
25624,14.2049
25629,14.2076
25634,14.2104
25639,14.2131
25644,14.2159
25649,14.2187
25654,14.2136
25659,14.2163
25664,14.2034
25669,14.1905
25674,14.1933
25679,14.1882
25684,14.1832
25689,14.1859
25694,14.1887
25699,14.1836
25704,14.1786
25709,14.1735
25714,14.1607
25719,14.1557
25724,14.1584
25729,14.1612
25734,14.1639
25739,14.1589
25744,14.1616
25749,14.1644
25754,14.1671
25759,14.1699
25764,14.1726
25769,14.1676
25774,14.1626
25779,14.1653
25784,14.168
25789,14.1708
25794,14.1735
25799,14.1762
25804,14.179
25809,14.1817
25814,14.1767
25819,14.1639
25824,14.1667
25829,14.1617
25834,14.1567
25839,14.1517
25844,14.1544
25849,14.1571
25854,14.1598
25859,14.1626
25864,14.1576
25869,14.1526
25874,14.1553
25879,14.1426
25884,14.1453
25889,14.1481
25894,14.1354
25899,14.1304
25904,14.1255
25909,14.1282
25914,14.1309
25919,14.126
25924,14.1287
25929,14.1237
25934,14.1188
25939,14.1215
25944,14.1165
25949,14.1192
25954,14.1143
25959,14.117
25964,14.1197
25969,14.1224
25974,14.1175
25979,14.1202
25984,14.1229
25989,14.1256
25994,14.1283
25999,14.131
26004,14.1184
26009,14.1135
26014,14.1086
26019,14.1037
26024,14.1064
26029,14.1015
26034,14.0965
26039,14.0916
26044,14.0792
26049,14.0743
26054,14.0694
26059,14.0645
26064,14.0672
26069,14.0623
26074,14.065
26079,14.0602
26084,14.0628
26089,14.0655
26094,14.0607
26099,14.0633
26104,14.0585
26109,14.0461
26114,14.0412
26119,14.0364
26124,14.0391
26129,14.0418
26134,14.0444
26139,14.0396
26144,14.0423
26149,14.0224
26154,14.0101
26159,14.0128
26164,14.0155
26169,14.0181
26174,14.0208
26179,14.016
26184,14.0187
26189,14.0139
26194,14.0165
26199,14.0117
26204,14.0144
26209,14.0096
26214,14.0048
26219,14
26224,13.9952
26229,13.9979
26234,14.0005
26239,13.9957
26244,13.9984
26249,14.0011
26254,14.0037
26259,13.9989
26264,13.9942
26269,13.9968
26274,13.9995
26279,13.9947
26284,13.9825
26289,13.9778
26294,13.9656
26299,13.9683
26304,13.9561
26309,13.9514
26314,13.954
26319,13.942
26324,13.9372
26329,13.9105
26334,13.9058
26339,13.8939
26344,13.8819
26349,13.8845
26354,13.8726
26359,13.8752
26364,13.856
26369,13.8441
26374,13.8468
26379,13.8421
26384,13.8375
26389,13.8257
26394,13.8283
26399,13.8165
26404,13.8191
26409,13.8145
26414,13.8171
26419,13.8053
26424,13.7936
26429,13.7962
26434,13.7988
26439,13.787
26444,13.7825
26449,13.7707
26454,13.7591
26459,13.7617
26464,13.7642
26469,13.7668
26474,13.7694
26479,13.7649
26484,13.7532
26489,13.7558
26494,13.7584
26499,13.7539
26504,13.7494
26509,13.7448
26514,13.7474
26519,13.7287
26524,13.7242
26529,13.7268
26534,13.7223
26539,13.7249
26544,13.7204
26549,13.7088
26554,13.7044
26559,13.7069
26564,13.6884
26569,13.691
26574,13.6865
26579,13.675
26584,13.6776
26589,13.6732
26594,13.6687
26599,13.6643
26604,13.6598
26609,13.6554
26614,13.644
26619,13.6466
26624,13.6352
26629,13.6378
26634,13.6403
26639,13.6359
26644,13.6315
26649,13.634
26654,13.6366
26659,13.6322
26664,13.6347
26669,13.6373
26674,13.6398
26679,13.6146
26684,13.6172
26689,13.6197
26694,13.6223
26699,13.611
26704,13.6066
26709,13.6091
26714,13.5979
26719,13.5935
26724,13.5823
26729,13.5848
26734,13.5805
26739,13.5693
26744,13.5718
26749,13.5743
26754,13.57
26759,13.5725
26764,13.575
26769,13.557
26774,13.5459
26779,13.5347
26784,13.5373
26789,13.533
26794,13.5287
26799,13.5312
26804,13.5337
26809,13.5226
26814,13.5115
26819,13.5141
26824,13.5098
26829,13.5123
26834,13.5013
26839,13.497
26844,13.486
26849,13.4885
26854,13.491
26859,13.4867
26864,13.4892
26869,13.4917
26874,13.4875
26879,13.4833
26884,13.479
26889,13.4681
26894,13.4706
26899,13.4731
26904,13.4688
26909,13.4646
26914,13.4604
26919,13.4562
26924,13.4587
26929,13.4545
26934,13.4569
26939,13.4527
26944,13.4552
26949,13.4577
26954,13.4602
26959,13.4627
26964,13.4652
26969,13.4543
26974,13.4501
26979,13.4526
26984,13.455
26989,13.4508
26994,13.4467
26999,13.4425
27004,13.4449
27009,13.4408
27014,13.4432
27019,13.439
27024,13.4282
27029,13.4307
27034,13.4265
27039,13.429
27044,13.4315
27049,13.4273
27054,13.4298
27059,13.4123
27064,13.4016
27069,13.3974
27074,13.3999
27079,13.3958
27084,13.3653
27089,13.3677
27094,13.3702
27099,13.3595
27104,13.362
27109,13.3579
27114,13.3538
27119,13.3562
27124,13.3587
27129,13.3611
27134,13.3636
27139,13.366
27144,13.3554
27149,13.3578
27154,13.3603
27159,13.3562
27164,13.3521
27169,13.348
27174,13.3505
27179,13.3529
27184,13.3554
27189,13.3578
27194,13.3537
27199,13.3431
27204,13.339
27209,13.335
27214,13.3309
27219,13.3268
27224,13.3293
27229,13.3317
27234,13.3212
27239,13.3171
27244,13.3195
27249,13.322
27254,13.3244
27259,13.3204
27264,13.3228
27269,13.3252
27274,13.3277
27279,13.3171
27284,13.2872
27289,13.2897
27294,13.2856
27299,13.2752
27304,13.2712
27309,13.2672
27314,13.2632
27319,13.2656
27324,13.2616
27329,13.264
27334,13.2536
27339,13.256
27344,13.2585
27349,13.2545
27354,13.2505
27359,13.2337
27364,13.2234
27369,13.2258
27374,13.2218
27379,13.2179
27384,13.2139
27389,13.2163
27394,13.2188
27399,13.2212
27404,13.2109
27409,13.2069
27414,13.2093
27419,13.2117
27424,13.2078
27429,13.2102
27434,13.2062
27439,13.2023
27444,13.1984
27449,13.2008
27454,13.1968
27459,13.1929
27464,13.189
27469,13.1851
27474,13.1875
27479,13.1899
27484,13.1734
27489,13.1757
27494,13.1781
27499,13.1805
27504,13.1829
27509,13.1853
27514,13.1751
27519,13.1775
27524,13.1799
27529,13.1697
27534,13.1721
27539,13.1745
27544,13.1768
27549,13.1729
27554,13.169
27559,13.1652
27564,13.1613
27569,13.1574
27574,13.1598
27579,13.1559
27584,13.1583
27589,13.1606
27594,13.1568
27599,13.1591
27604,13.1615
27609,13.1639
27614,13.16
27619,13.1561
27624,13.1523
27629,13.136
27634,13.1383
27639,13.1283
27644,13.1182
27649,13.1206
27654,13.1229
27659,13.1191
27664,13.1153
27669,13.1114
27674,13.1076
27679,13.0976
27684,13.0815
27689,13.0776
27694,13.0738
27699,13.0701
27704,13.0663
27709,13.0686
27714,13.0648
27719,13.0672
27729,13.0657
27734,13.0619
27739,13.0643
27744,13.0666
27749,13.069
27754,13.0652
27759,13.0675
27764,13.0576
27769,13.06
27774,13.0501
27779,13.0524
27784,13.0548
27789,13.0571
27794,13.0533
27799,13.0557
27804,13.058
27809,13.0604
27814,13.0627
27819,13.0589
27824,13.0552
27829,13.0575
27834,13.0476
27839,13.0439
27844,13.034
27849,13.0364
27854,13.0387
27859,13.035
27864,13.0373
27869,13.0093
27874,12.9995
27879,12.9958
27884,12.9921
27889,12.9944
27894,12.9907
27899,12.987
27904,12.9833
27909,12.9856
27914,12.9759
27919,12.9722
27924,12.9685
27929,12.9648
27934,12.9612
27939,12.9455
27944,12.9419
27949,12.9322
27954,12.9345
27959,12.9309
27964,12.9213
27969,12.9176
27974,12.914
27979,12.9163
27984,12.9126
27989,12.9149
27994,12.9113
27999,12.9136
28004,12.9159
28009,12.9123
28014,12.9146
28019,12.9109
28024,12.9073
28029,12.8978
28034,12.8941
28039,12.8964
28044,12.8928
28049,12.8833
28054,12.8856
28059,12.8879
28064,12.8784
28069,12.8748
28074,12.8712
28079,12.8676
28084,12.8699
28089,12.8721
28094,12.8686
28099,12.8708
28104,12.8672
28109,12.8578
28114,12.8542
28119,12.8565
28124,12.8588
28129,12.861
28134,12.8458
28139,12.8422
28144,12.8445
28149,12.8351
28154,12.8373
28159,12.8396
28164,12.8419
28169,12.8442
28174,12.8464
28179,12.8429
28184,12.8451
28189,12.8474
28194,12.8497
28199,12.8461
28204,12.8426
28209,12.8448
28214,12.8471
28219,12.8494
28224,12.8458
28229,12.8422
28234,12.8329
28239,12.8351
28244,12.8316
28249,12.8339
28254,12.8303
28259,12.8326
28264,12.829
28269,12.8313
28274,12.822
28279,12.8242
28284,12.8265
28289,12.8229
28294,12.8252
28299,12.8159
28304,12.8181
28309,12.8204
28314,12.8111
28319,12.8133
28324,12.8156
28329,12.8179
28334,12.8201
28339,12.8224
28344,12.8246
28349,12.8211
28354,12.8233
28359,12.8198
28364,12.8163
28369,12.8186
28374,12.8208
28379,12.8115
28384,12.8138
28389,12.8103
28394,12.8125
28399,12.8032
28404,12.8055
28409,12.8077
28414,12.81
28419,12.8065
28424,12.8087
28429,12.811
28434,12.8132
28439,12.8154
28444,12.8119
28449,12.8142
28454,12.8107
28459,12.8129
28464,12.8152
28469,12.8117
28474,12.8139
28479,12.8104
28484,12.8012
28489,12.7977
28494,12.7942
28499,12.7907
28504,12.7929
28509,12.778
28514,12.7746
28519,12.7768
28524,12.779
28529,12.7813
28534,12.7835
28539,12.78
28544,12.7822
28549,12.7731
28554,12.7753
28559,12.7775
28564,12.7798
28569,12.7763
28574,12.7728
28579,12.7751
28584,12.7773
28589,12.7738
28594,12.7704
28599,12.7612
28604,12.7635
28609,12.7657
28614,12.7679
28619,12.7701
28624,12.7723
28629,12.7746
28634,12.7711
28639,12.7677
28644,12.7642
28649,12.7664
28654,12.7687
28659,12.7652
28664,12.7618
28669,12.764
28674,12.7662
28679,12.7627
28684,12.7593
28689,12.7615
28694,12.7581
28699,12.7547
28704,12.7569
28709,12.7591
28714,12.7556
28719,12.7522
28724,12.7544
28729,12.7454
28734,12.7476
28739,12.7498
28744,12.7464
28749,12.7373
28754,12.7395
28759,12.7417
28764,12.7439
28769,12.7461
28774,12.7483
28779,12.7449
28784,12.7471
28789,12.7493
28794,12.7515
28799,12.7481
28804,12.7503
28809,12.7525
28814,12.7547
28819,12.7569
28824,12.7592
28829,12.7557
28834,12.7579
28839,12.7601
28844,12.7567
28849,12.7533
28854,12.7555
28859,12.7577
28864,12.7599
28869,12.7565
28874,12.7531
28879,12.7441
28884,12.7463
28889,12.7485
28894,12.7507
28899,12.7473
28904,12.7495
28909,12.746
28914,12.7482
28919,12.7448
28924,12.7358
28929,12.738
28934,12.7346
28939,12.7313
28944,12.7279
28949,12.7301
28954,12.7267
28959,12.7289
28964,12.7255
28969,12.7277
28974,12.7187
28979,12.7209
28984,12.7231
28989,12.7253
28994,12.7163
28999,12.7185
29004,12.7152
29009,12.7118
29014,12.7029
29019,12.6995
29024,12.7017
29029,12.7039
29034,12.7061
29039,12.7027
29044,12.6993
29049,12.7015
29054,12.7037
29059,12.7003
29064,12.697
29069,12.6826
29074,12.6848
29079,12.6814
29084,12.6781
29089,12.6748
29094,12.6769
29099,12.6791
29104,12.6813
29109,12.6835
29114,12.6856
29119,12.6878
29124,12.69
29129,12.6921
29134,12.6833
29139,12.68
29144,12.6821
29149,12.6788
29154,12.681
29159,12.6831
29164,12.6798
29169,12.682
29174,12.6786
29179,12.6808
29184,12.683
29189,12.6797
29194,12.6763
29199,12.6785
29204,12.6752
29209,12.6719
29214,12.674
29219,12.6762
29224,12.6729
29229,12.675
29234,12.6717
29239,12.6739
29244,12.676
29249,12.6782
29254,12.6803
29259,12.6825
29264,12.6792
29269,12.6704
29274,12.6726
29279,12.6747
29284,12.6659
29289,12.6681
29294,12.6703
29299,12.6615
29304,12.6637
29309,12.6604
29314,12.6516
29319,12.6538
29324,12.6559
29329,12.6526
29334,12.6493
29339,12.646
29344,12.6482
29349,12.6449
29354,12.6416
29359,12.6438
29364,12.6459
29369,12.6426
29374,12.6448
29379,12.6415
29384,12.6437
29389,12.6458
29394,12.6479
29399,12.6501
29404,12.6522
29409,12.6544
29414,12.6457
29419,12.6478
29424,12.6391
29429,12.6413
29434,12.6434
29439,12.6455
29444,12.6477
29449,12.6498
29454,12.6466
29459,12.6487
29464,12.6508
29469,12.653
29474,12.6497
29479,12.6518
29484,12.654
29489,12.6507
29494,12.6474
29499,12.6388
29504,12.6409
29509,12.6376
29514,12.6398
29519,12.6365
29524,12.6333
29529,12.6354
29534,12.6375
29539,12.6397
29544,12.6418
29549,12.6385
29554,12.6407
29559,12.6374
29564,12.6342
29569,12.6363
29574,12.6384
29579,12.6405
29584,12.6427
29589,12.6448
29594,12.6469
29599,12.6491
29604,12.6512
29609,12.6479
29614,12.6501
29619,12.6468
29624,12.6489
29629,12.6511
29634,12.6532
29639,12.6499
29644,12.6521
29649,12.6542
29654,12.6563
29659,12.6584
29664,12.6606
29669,12.6573
29674,12.6594
29679,12.6562
29684,12.6583
29689,12.6604
29694,12.6626
29699,12.6647
29704,12.6668
29709,12.6689
29714,12.6711
29719,12.6732
29724,12.6699
29729,12.672
29734,12.6742
29739,12.6763
29744,12.6784
29749,12.6805
29754,12.6773
29759,12.6794
29764,12.6761
29769,12.6729
29774,12.675
29779,12.6771
29784,12.6793
29789,12.6814
29794,12.6835
29799,12.6856
29804,12.6877
29809,12.6899
29814,12.692
29819,12.6941
29824,12.6962
29829,12.6983
29834,12.6951
29839,12.6918
29844,12.6939
29849,12.6961
29854,12.6982
29859,12.7003
29864,12.7024
29869,12.6992
29874,12.7013
29879,12.698
29884,12.7001
29889,12.6969
29894,12.699
29899,12.7011
29904,12.7032
29909,12.7053
29914,12.7075
29919,12.7096
29924,12.7063
29929,12.703
29934,12.7052
29939,12.7073
29944,12.704
29949,12.7061
29954,12.7029
29959,12.705
29964,12.7071
29969,12.7092
29974,12.7113
29979,12.7134
29984,12.7156
29989,12.7177
29994,12.7198
29999,12.7165
30004,12.7186
30009,12.7207
30014,12.7229
30019,12.725
30024,12.7271
30029,12.7292
30034,12.7313
30039,12.728
30044,12.7248
30049,12.7269
30054,12.729
30059,12.7257
30064,12.7278
30069,12.73
30074,12.7267
30079,12.7234
30084,12.7148
30089,12.7169
30094,12.719
30099,12.7158
30104,12.7125
30109,12.7146
30114,12.7168
30119,12.7189
30124,12.721
30129,12.7177
30134,12.7145
30139,12.7112
30144,12.708
30149,12.7047
30154,12.6962
30159,12.6983
30164,12.6951
30169,12.6971
30174,12.6992
30179,12.7013
30184,12.7034
30189,12.7055
30194,12.7023
30199,12.7044
30204,12.7012
30209,12.7033
30214,12.7054
30219,12.7075
30224,12.7096
30229,12.7063
30234,12.7084
30239,12.7105
30244,12.7073
30249,12.7094
30254,12.7062
30259,12.7029
30264,12.6997
30269,12.7018
30274,12.7039
30279,12.7007
30284,12.6975
30289,12.6995
30294,12.7016
30299,12.6984
30304,12.7005
30309,12.7026
30314,12.7047
30319,12.7068
30324,12.7089
30329,12.7056
30334,12.7024
30339,12.7045
30344,12.7066
30349,12.6981
30354,12.6949
30359,12.6917
30364,12.6937
30369,12.6958
30374,12.6979
30379,12.7
30384,12.7021
30389,12.7042
30394,12.7063
30399,12.7083
30404,12.7051
30409,12.7072
30414,12.7093
30419,12.7114
30424,12.7135
30429,12.7155
30434,12.7176
30439,12.7197
30444,12.7165
30449,12.7133
30454,12.7048
30459,12.691
30464,12.6931
30469,12.6899
30474,12.6867
30479,12.6888
30484,12.6856
30489,12.6877
30494,12.6845
30499,12.6813
30504,12.6834
30509,12.6855
30514,12.6823
30519,12.6843
30524,12.6864
30529,12.6885
30534,12.6853
30539,12.6821
30544,12.6842
30549,12.681
30554,12.6778
30559,12.6747
30564,12.6715
30569,12.6736
30574,12.6756
30579,12.6724
30584,12.6745
30589,12.6766
30594,12.6786
30599,12.6807
30604,12.6828
30609,12.6848
30614,12.6869
30619,12.689
30624,12.691
30629,12.6879
30634,12.6899
30639,12.692
30644,12.6941
30649,12.6909
30654,12.6929
30659,12.6898
30664,12.6814
30669,12.6834
30674,12.6855
30679,12.6876
30684,12.6792
30689,12.676
30694,12.6728
30699,12.6645
30704,12.6665
30709,12.6686
30714,12.6706
30719,12.6727
30724,12.6748
30729,12.6768
30734,12.6789
30739,12.6757
30744,12.6726
30749,12.6694
30754,12.6663
30759,12.6631
30764,12.6652
30769,12.6672
30774,12.6693
30779,12.6609
30784,12.6526
30789,12.6546
30794,12.6463
30799,12.6484
30804,12.6504
30809,12.6525
30814,12.6442
30819,12.6462
30824,12.6483
30829,12.6503
30834,12.6368
30839,12.6389
30844,12.6409
30849,12.6378
30854,12.6399
30859,12.6419
30864,12.6388
30869,12.6408
30874,12.6429
30879,12.6449
30884,12.6469
30889,12.649
30894,12.6459
30899,12.6479
30904,12.6499
30909,12.652
30914,12.654
30919,12.6561
30924,12.6581
30929,12.655
30934,12.657
30939,12.6591
30944,12.6559
30949,12.6528
30954,12.6497
30959,12.6517
30964,12.6486
30969,12.6507
30974,12.6475
30979,12.6496
30984,12.6516
30989,12.6485
30994,12.6505
30999,12.6474
31004,12.6495
31009,12.6463
31014,12.6484
31019,12.6504
31024,12.6473
31029,12.6493
31034,12.6514
31039,12.6431
31044,12.6451
31049,12.6472
31054,12.6441
31059,12.6461
31064,12.6481
31069,12.6502
31074,12.6522
31079,12.6542
31084,12.6409
31089,12.6378
31094,12.6347
31099,12.6316
31104,12.6336
31109,12.6356
31114,12.6325
31119,12.6294
31124,12.6264
31129,12.6284
31134,12.6253
31139,12.6273
31144,12.6242
31149,12.6263
31154,12.6232
31159,12.6252
31164,12.6221
31169,12.6241
31174,12.6211
31179,12.618
31184,12.62
31189,12.6169
31194,12.619
31199,12.621
31204,12.623
31209,12.625
31214,12.627
31219,12.629
31224,12.631
31234,12.6351
31239,12.6371
31244,12.6391
31249,12.6411
31254,12.6431
31259,12.6401
31264,12.637
31269,12.639
31274,12.641
31279,12.643
31284,12.6349
31289,12.6369
31294,12.6338
31299,12.6307
31304,12.6327
31309,12.6348
31314,12.6317
31319,12.6337
31324,12.6357
31329,12.6326
31334,12.6346
31339,12.6367
31344,12.6387
31349,12.6407
31354,12.6427
31359,12.6396
31364,12.6416
31369,12.6386
